Protocol Name,EMOPEC,EMOPEC,EMOPEC,EMOPEC,EMOPEC,EMOPEC,GC-MS,GC-MS,GC-MS,GC-MS,HPLC,HPLC,LC-MS,LC-MS,LC-MS,LC-MS,LC-MS,LC-MS,LC-MS,LC-MS,LC-MS,LC-MS,LC-MS,LC-MS,LC-MS,LC-MS,LC-MS,LC-MS,LC-MS,LC-MS,LC-MS,LC-MS,LC-MS,LC-MS,LC-MS,LC-MS,LC-MS,LC-MS,LC-MS,LC-MS,LC-MS,LC-MS,LC-MS,LC-MS,LC-MS,Metadata,Metadata,Metadata,Metadata,Metadata,Metadata,NIMS,NIMS,NIMS,NIMS,NIMS,NIMS,NIMS,NIMS,NIMS,NIMS,OD600,TIR,TIR,TIR,TIR,TIR,TIR,Targeted Proteomics,Targeted Proteomics,Targeted Proteomics,Targeted Proteomics,Targeted Proteomics,Targeted Proteomics,Metadata,Metadata
Measurement Type,sp|P27250|AHR_ECOLI,sp|P69451|LCFA_ECOLI,sp|Q41635|FATB_UMBCA,sp|Q6F7B8|ACR1_ACIAD,tr|A1U2T0|A1U2T0_MARHV,tr|A1U3L3|A1U3L3_MARHV,dodecan-1-ol,hexadecan-1-ol,octadecan-1-ol,tetradecan-1-ol,Acetate,D-Glucose,(S)-3-Hydroxyhexadecanoyl-CoA,3-Phospho-D-glycerate,ADP,AMP,ATP,Acetyl-CoA,Citrate,"D-Fructose 1,6-bisphosphate",D-Fructose 6-phosphate,D-Glucose 6-phosphate,Decanoic acid,Dihydroxyacetone phosphate,Dodecanoyl-CoA (n-C12:0CoA),Flavin adenine dinucleotide oxidized,Glyceraldehyde 3-phosphate,Isocitrate,L-Malate,Lauric acid,Myristic acid,Nicotinamide adenine dinucleotide,Nicotinamide adenine dinucleotide - reduced,Nicotinamide adenine dinucleotide phosphate,Nicotinamide adenine dinucleotide phosphate - reduced,Oleic acid,Oxaloacetate,Palmitic acid,Palmitoleic acid,Phosphoenolpyruvate,Pyruvate,Stearic acid,Stearoyl-CoA (n-C18:0CoA),Succinate,Tetradecanoyl-CoA (n-C14:0CoA),Batch,Cycle,IPTG,Notes,Replicate,Strain,C12 aldehyde,C12 aldehyde saturated,C13 aldehyde,C14 aldehyde,C14 aldehyde saturated,C15 aldehyde,C16 aldehyde,C16 aldehyde saturated,C17 aldehyde,C19 aldehyde,Optical Density,sp|P27250|AHR_ECOLI,sp|P69451|LCFA_ECOLI,sp|Q41635|FATB_UMBCA,sp|Q6F7B8|ACR1_ACIAD,tr|A1U2T0|A1U2T0_MARHV,tr|A1U3L3|A1U3L3_MARHV,sp|P27250|AHR_ECOLI,sp|P69451|LCFA_ECOLI,sp|Q41635|FATB_UMBCA,sp|Q6F7B8|ACR1_ACIAD,tr|A1U2T0|A1U2T0_MARHV,tr|A1U3L3|A1U3L3_MARHV,Time,Pathway
Line Name,,,,,,,,,,,,,,,,,,,,,,,,,,,,,,,,,,,,,,,,,,,,,,,,,,,,,,,,,,,,,,,,,,,,,,,,,,,,
C1-S1-B1.1-R1,0.0,14.8,96.5,0.0,0.0,92.0,0.72127,0.033710000000000004,0.07051,0.05971,0.0,0.0,0.0,0.0,0.0,0.0,0.0,0.0,0.0,0.0,0.0,0.0,0.0,0.0,0.0,0.0,0.0,0.0,0.0,0.0,0.0,0.0,0.0,0.0,0.0,0.0,0.0,0.0,0.0,0.0,0.0,0.0,0.0,0.0,0.0,1.0,1.0,0.1,,1.0,1,,,,,,,,,,,,0.0,752.0,1560.0,0.0,0.0,1958.0,125.0,111883.0,131969.0,0.0,1800.0,159144.0,27,2
C1-S1-B1.1-R2,0.0,14.8,96.5,0.0,0.0,92.0,0.65691,0.01871,0.07039,0.053970000000000004,0.17026,0.0,0.0,0.0,0.0,0.0,0.0,0.0,0.0,0.0,0.0,0.0,0.0,0.0,0.0,0.0,0.0,0.0,0.0,0.0,0.0,0.0,0.0,0.0,0.0,0.0,0.0,0.0,0.0,0.0,0.0,0.0,0.0,0.0,0.0,1.0,1.0,0.1,,2.0,1,,,,,,,,,,,,0.0,752.0,1560.0,0.0,0.0,1958.0,0.0,109006.0,155128.0,0.0,0.0,173165.0,27,2
C1-S2-B1.1-R1,0.0,92.4,96.5,0.0,0.0,92.0,0.67474,0.03229,0.06985,0.05791,0.0,0.0,0.0,213.71,0.0,518.27,74.7,402907.8725,46.28,2.32,0.0,4.64,10.78,14.16,31795.03208,3773.77,0.0,0.0,0.7,58.77,0.0,3773.7740000000003,48.15,0.0,0.0,0.0,0.0,0.0,0.0,8.45,0.0,0.0,0.0,0.0,0.0,1.0,1.0,0.1,,1.0,2,,,,,,,,,,,,0.0,1913.0,1560.0,0.0,0.0,1958.0,530.0,106977.0,123692.0,396.0,0.0,158408.0,27,2
C1-S2-B1.1-R2,0.0,92.4,96.5,0.0,0.0,92.0,0.4625,0.029889999999999996,0.06489,0.04364,1.21649,1.37544,0.0,344.25,0.0,988.85,190.19,1154321.808,24.14,60.18,0.0,9.44,16.09,29.23,144038.2711,5250.48,0.0,43.77,4.66,231.72,0.0,5250.476,0.0,0.0,0.0,0.0,0.0,0.0,0.0,13.79,0.0,0.0,0.0,0.0,0.0,1.0,1.0,0.1,,2.0,2,,,,,,,,,,,,0.0,1913.0,1560.0,0.0,0.0,1958.0,470.0,110415.0,161836.0,0.0,1744.0,155221.0,27,2
C1-S4-B1.1-R1,0.0,14.8,96.5,0.0,0.0,98.4,0.46831000000000006,0.020819999999999998,0.06906,0.03705,0.0,0.0,0.0,293.97,0.0,3570.59,92.29,877898.2546,17.96,56.89,0.0,18.27,0.0,8.68,12254.87789,2014.65,0.0,52.25,2.6,47.53,0.0,2014.654,0.0,0.0,0.0,0.0,0.0,0.0,0.0,9.82,0.43,0.0,0.0,0.0,0.0,1.0,1.0,0.1,,1.0,4,,,,,,,,,,,,0.0,752.0,1560.0,0.0,0.0,10410.0,431.0,79192.0,114226.0,0.0,1862.0,565758.0,27,2
C1-S4-B1.1-R2,0.0,14.8,96.5,0.0,0.0,98.4,0.46912,0.021769999999999998,0.06909,0.04123,0.07201,0.36391999999999997,0.0,419.15,0.0,5330.36,118.62,1486797.08,23.52,61.17,0.0,25.33,0.0,5.86,13793.21165,4559.98,0.0,30.0,2.95,23.96,0.0,4559.975,54.5,0.0,0.0,0.0,0.0,0.0,0.0,7.75,0.25,0.0,0.0,0.0,0.0,1.0,1.0,0.1,,2.0,4,,,,,,,,,,,,0.0,752.0,1560.0,0.0,0.0,10410.0,286.0,84364.0,117131.0,1352.0,0.0,579082.0,27,2
C1-S8-B1.1-R1,0.0,92.4,94.2,0.0,0.0,92.0,0.77272,0.02035,0.07286000000000001,0.06881,0.0,0.0,0.0,0.0,0.0,0.0,0.0,0.0,0.0,0.0,0.0,0.0,0.0,0.0,0.0,0.0,0.0,0.0,0.0,0.0,0.0,0.0,0.0,0.0,0.0,0.0,0.0,0.0,0.0,0.0,0.0,0.0,0.0,0.0,0.0,1.0,1.0,0.1,,1.0,8,,,,,,,,,,,,0.0,1913.0,9876.0,0.0,0.0,1958.0,0.0,165598.0,113884.0,0.0,0.0,202718.0,27,2
C1-S8-B1.1-R2,0.0,92.4,94.2,0.0,0.0,92.0,0.78618,0.0188,0.07374,0.06742999999999999,0.0,0.0,0.0,283.02,0.0,516.73,72.58,453929.2484,71.23,10.44,0.0,3.35,0.0,1.76,38694.168880000005,5477.34,0.0,0.0,1.12,49.24,0.0,5477.344,49.7,441.5,0.0,0.0,0.0,0.0,0.0,4.35,0.0,0.0,0.0,0.0,0.0,1.0,1.0,0.1,,2.0,8,,,,,,,,,,,,0.0,1913.0,9876.0,0.0,0.0,1958.0,0.0,169995.0,107398.0,0.0,0.0,204510.0,27,2
C1-S9-B1.1-R1,0.0,87.6,94.2,0.0,0.0,92.0,0.47953,0.01766,0.057460000000000004,0.05314,0.0,0.06365,0.0,184.49,0.0,471.79,164.52,1137070.992,30.96,100.12,0.0,21.63,15.16,6.67,82614.50474,2613.13,0.0,20.15,2.57,53.28,0.0,2613.132,42.43,295.54,0.0,0.0,0.0,0.0,0.0,14.03,0.29,0.0,0.0,0.0,0.0,1.0,1.0,0.1,,1.0,9,,,,,,,,,,,,0.0,9103.0,9876.0,0.0,0.0,1958.0,0.0,745982.0,136812.0,0.0,8828.0,207289.0,27,2
C1-S9-B1.1-R2,0.0,87.6,94.2,0.0,0.0,92.0,0.49699,0.01856,0.0568,0.054770000000000006,0.54081,3.9902,0.0,160.17,0.0,567.81,138.64,1600371.824,27.79,83.28,0.0,18.03,0.0,3.71,97934.79012,0.0,0.0,5.8,1.12,0.0,0.0,0.0,45.44,363.03,0.0,0.0,0.0,0.0,0.0,9.34,0.17,103.68,0.0,0.0,0.0,1.0,1.0,0.1,,2.0,9,,,,,,,,,,,,0.0,9103.0,9876.0,0.0,0.0,1958.0,0.0,810667.0,142616.0,0.0,0.0,232565.0,27,2
C1-S11-B1.1-R1,0.0,92.4,94.2,0.0,0.0,98.4,0.5303899999999999,0.03478,0.08272,0.054920000000000004,0.75607,2.25653,0.0,343.49,0.0,4095.46,138.64,953654.051,61.24,39.04,0.0,11.58,0.0,5.46,0.0,0.0,0.0,0.0,1.1,0.0,0.0,0.0,61.69,629.26,0.0,0.0,0.0,0.0,0.0,12.47,0.35,0.0,0.0,0.0,0.0,1.0,1.0,0.1,,1.0,11,,,,,,,,,,,,0.0,1913.0,9876.0,0.0,0.0,10410.0,0.0,131484.0,73491.0,0.0,0.0,686451.0,27,2
C1-S11-B1.1-R2,0.0,92.4,94.2,0.0,0.0,98.4,0.54166,0.03558,0.08511,0.06059,0.6977,2.34872,0.0,0.0,0.0,0.0,0.0,0.0,0.0,0.0,0.0,0.0,0.0,0.0,0.0,0.0,0.0,0.0,0.0,0.0,0.0,0.0,0.0,0.0,0.0,0.0,0.0,0.0,0.0,0.0,0.0,0.0,0.0,0.0,0.0,1.0,1.0,0.1,,2.0,11,,,,,,,,,,,,0.0,1913.0,9876.0,0.0,0.0,10410.0,380.0,127385.0,76212.0,0.0,0.0,736006.0,27,2
C1-S12-B1.1-R1,0.0,87.6,94.2,0.0,0.0,98.4,0.19996,0.01768,0.053439999999999994,0.01551,1.7007599999999998,3.61067,0.0,0.0,0.0,0.0,0.0,0.0,0.0,0.0,0.0,0.0,0.0,0.0,0.0,0.0,0.0,0.0,0.0,0.0,0.0,0.0,0.0,0.0,0.0,0.0,0.0,0.0,0.0,0.0,0.0,0.0,0.0,0.0,0.0,1.0,1.0,0.1,,1.0,12,,,,,,,,,,,,0.0,9103.0,9876.0,0.0,0.0,10410.0,1650.0,516401.0,76399.0,0.0,352.0,740579.0,27,2
C1-S12-B1.1-R2,0.0,87.6,94.2,0.0,0.0,98.4,0.20065,0.01761,0.05347999999999999,0.01555,1.42828,6.27583,0.0,340.37,0.0,4551.29,138.23,0.0,17.08,9.73,0.0,34.12,20.19,2.01,0.0,0.0,0.0,33.14,4.16,47.16,8.54,0.0,14.64,471.31,0.0,0.0,0.0,0.0,0.0,10.71,0.69,0.0,0.0,0.0,0.0,1.0,1.0,0.1,,2.0,12,,,,,,,,,,,,0.0,9103.0,9876.0,0.0,0.0,10410.0,669.0,530998.0,77474.0,0.0,0.0,762921.0,27,2
C1-S15-B1.1-R1,0.0,14.8,94.2,0.0,72.1,0.0,0.0,0.04303,0.10969000000000001,0.00573,2.3780099999999997,1.32218,0.0,116.16,0.0,5974.19,112.22,0.0,47.41,54.47,0.0,47.03,,2.44,116323.1338,0.0,0.0,62.29,5.85,,,0.0,7.93,436.4,0.0,,0.0,,,8.3,0.16,,0.0,0.0,0.0,1.0,1.0,0.1,,1.0,15,,,,,,,,,,,,0.0,752.0,9876.0,0.0,1913.0,0.0,0.0,164171.0,59741.0,0.0,8372.0,8555.0,27,1
C1-S15-B1.1-R2,0.0,14.8,94.2,0.0,72.1,0.0,0.0,0.08245,0.26874000000000003,0.03347,0.0,0.0,0.0,88.98,0.0,5847.01,55.39,0.0,56.32,3.26,0.0,0.98,,0.45,225503.9196,0.0,0.0,0.0,3.68,,,0.0,58.39,688.82,0.0,,0.0,,,1.81,0.08,,0.0,0.0,0.0,1.0,1.0,0.1,,2.0,15,,,,,,,,,,,,0.0,752.0,9876.0,0.0,1913.0,0.0,307.0,240185.0,83972.0,0.0,10438.0,3483.0,27,1
C1-S16-B1.1-R1,0.0,92.4,94.2,0.0,72.1,0.0,0.0,0.08893,0.21613000000000002,0.0035700000000000003,1.20475,0.0,0.0,82.0,0.0,9296.81,76.01,535044.7835,50.96,5.51,0.0,1.01,108.21,0.35,22796.75186,0.0,0.0,0.0,1.82,259.35,14.56,0.0,19.77,635.83,0.0,0.0,0.0,120.92,0.0,2.77,0.15,99.25,0.0,0.0,0.0,1.0,1.0,0.1,,1.0,16,,,,,,,,,,,,0.0,1913.0,9876.0,0.0,1913.0,0.0,188.0,115367.0,105024.0,0.0,21091.0,2518.0,27,1
C1-S16-B1.1-R2,0.0,92.4,94.2,0.0,72.1,0.0,0.0,0.05339,0.12608,0.0018,3.78114,2.5106,0.0,0.0,0.0,0.0,105.38,0.0,0.0,0.0,0.0,0.0,0.0,0.0,0.0,0.0,0.0,0.0,0.0,0.0,0.0,0.0,0.0,0.0,0.0,0.0,0.0,6.19,0.0,0.0,0.0,0.0,0.0,0.0,0.0,1.0,1.0,0.1,,2.0,16,,,,,,,,,,,,0.0,1913.0,9876.0,0.0,1913.0,0.0,0.0,84540.0,73675.0,0.0,8954.0,0.0,27,1
C1-S22-B1.1-R1,41.1,92.4,96.5,21.6,0.0,0.0,0.02795,0.01594,0.05509,0.00457,1.15704,4.98997,0.0,489.79,0.0,5478.05,0.0,1277903.574,21.69,126.23,0.0,31.3,291.49,4.33,1197420.396,0.0,0.0,28.76,2.5,549.08,21.79,0.0,33.51,0.0,0.0,0.0,0.0,54.67,0.0,14.94,0.43,27.66,0.0,0.0,87032.163,1.0,1.0,0.1,,1.0,22,,,,,,,,,,,,9491.0,1913.0,1560.0,2208.0,0.0,0.0,184852.0,608802.0,300131.0,44506.0,2045.0,0.0,27,3
C1-S22-B1.1-R2,41.1,92.4,96.5,21.6,0.0,0.0,0.03272,0.015330000000000002,0.05189,0.00498,1.33751,5.77171,0.0,0.0,0.0,0.0,0.0,0.0,0.0,0.0,0.0,0.0,0.0,0.0,0.0,0.0,0.0,0.0,0.0,0.0,0.0,0.0,0.0,0.0,0.0,0.0,0.0,0.0,0.0,0.0,0.0,0.0,0.0,0.0,0.0,1.0,1.0,0.1,,2.0,22,,,,,,,,,,,,9491.0,1913.0,1560.0,2208.0,0.0,0.0,170458.0,586476.0,291542.0,37032.0,2344.0,0.0,27,3
C0-S9017-B1.1-R1,0.0,0.0,0.0,0.0,0.0,0.0,0.0,0.62058,0.35268,0.37401999999999996,1.09875,5.41131,0.0,131.21,0.0,4457.61,593.2,2482223.381,50.08,29.87,0.0,7.86,0.0,4.03,0.0,0.0,0.0,166.61,4.37,16.12,0.0,0.0,0.0,168.21,0.0,0.0,0.0,0.0,0.0,6.58,0.43,0.0,0.0,0.0,0.0,1.0,0.0,0.1,,1.0,9017,,,,,,,,,,,,0.0,0.0,0.0,0.0,0.0,0.0,1624.0,1027.0,0.0,0.0,25770.0,0.0,27,0
C0-S9017-B1.1-R2,0.0,0.0,0.0,0.0,0.0,0.0,0.0,0.6281399999999999,0.37327,0.37056999999999995,0.84157,9.77863,0.0,182.63,0.0,4319.9,247.8,1809859.299,38.66,220.34,0.0,13.26,0.0,2.16,0.0,0.0,0.0,176.57,4.33,0.0,0.0,0.0,0.0,126.22,0.0,0.0,0.0,82.08,0.0,6.66,0.49,39.04,0.0,0.0,0.0,1.0,0.0,0.1,,2.0,9017,,,,,,,,,,,,0.0,0.0,0.0,0.0,0.0,0.0,1828.0,0.0,0.0,0.0,21323.0,0.0,27,0
C1-S11-B1.2-R1,0.0,92.4,94.2,0.0,0.0,98.4,0.6811699999999999,0.037000000000000005,0.07056,0.05466,0.31061,0.9918899999999999,0.0,226.49,0.0,11429.54,142.96,47880.61677,58.56,32.55,0.0,7.8,12.91,1.28,0.0,8696.2,0.0,32.23,10.38,32.34,0.0,8696.195,55.4,1068.55,0.0,0.0,0.0,0.0,0.0,0.0,0.15,0.0,0.0,0.0,0.0,2.0,1.0,0.1,,1.0,11,1578.0,565.0,714.0,356.5,226.0,143.5,169.5,103.0,196.5,104.5,,0.0,1913.0,9876.0,0.0,0.0,10410.0,0.0,87148.0,61346.0,0.0,1149.0,360114.0,27,2
C1-S11-B1.2-R2,0.0,92.4,94.2,0.0,0.0,98.4,0.6829,0.03625,0.07042000000000001,0.051870000000000006,0.30815,0.69239,0.0,128.59,0.0,11881.39,122.82,3310352.86,63.49,56.78,0.0,7.38,14.31,2.52,0.0,6120.34,0.0,57.63,4.42,92.58,0.0,6120.34,77.45,835.07,0.0,0.0,0.0,51.46,0.0,0.0,0.05,0.0,0.0,0.0,0.0,2.0,1.0,0.1,,2.0,11,2848.5,1190.5,1057.0,625.0,392.5,312.5,353.0,181.5,366.5,192.0,,0.0,1913.0,9876.0,0.0,0.0,10410.0,331.0,78968.0,69825.0,0.0,3377.0,405148.0,27,2
C1-S11-B1.2-R3,0.0,92.4,94.2,0.0,0.0,98.4,0.6358199999999999,0.036969999999999996,0.07082999999999999,0.05063,0.4878,1.38683,0.0,205.54,0.0,10418.71,0.0,2892739.0069999998,53.97,47.8,0.0,6.99,0.0,1.16,15981.21773,8871.84,0.0,49.27,2.34,37.39,0.0,8871.841999999999,50.46,1181.27,0.0,0.0,0.0,0.0,0.0,0.0,0.06,0.0,0.0,0.0,0.0,2.0,1.0,0.1,,3.0,11,2833.0,1117.5,888.5,603.0,363.5,310.0,339.5,180.5,343.5,173.0,,0.0,1913.0,9876.0,0.0,0.0,10410.0,0.0,84297.0,67842.0,0.0,0.0,400045.0,27,2
C1-S19-B1.2-R1,0.0,92.4,94.2,0.0,80.5,0.0,0.15449000000000002,0.34725,0.32086,0.14312,0.0,0.0,0.0,0.0,0.0,0.0,0.0,0.0,0.0,0.0,0.0,0.0,0.0,0.0,0.0,0.0,0.0,0.0,0.0,0.0,0.0,0.0,0.0,0.0,0.0,0.0,0.0,0.0,0.0,0.0,0.0,0.0,0.0,0.0,0.0,2.0,1.0,0.1,,1.0,19,19944.5,323.0,2636.0,3663.5,3137.5,249.5,1241.0,1441.5,962.5,456.5,,0.0,1913.0,9876.0,0.0,477311.0,0.0,1627.0,163117.0,73678.0,1117.0,192296.0,10156.0,27,1
C1-S19-B1.2-R2,0.0,92.4,94.2,0.0,80.5,0.0,0.14858,0.34795,0.32329,0.14470999999999998,0.0,0.0,0.0,0.0,0.0,0.0,0.0,0.0,0.0,0.0,0.0,0.0,0.0,0.0,0.0,0.0,0.0,0.0,0.0,0.0,0.0,0.0,0.0,0.0,0.0,0.0,0.0,0.0,0.0,0.0,0.0,0.0,0.0,0.0,0.0,2.0,1.0,0.1,,2.0,19,18908.5,310.0,2586.5,3130.0,2742.5,247.0,1033.0,1221.5,912.0,381.5,,0.0,1913.0,9876.0,0.0,477311.0,0.0,1328.0,163881.0,73549.0,1577.0,171189.0,3105.0,27,1
C1-S19-B1.2-R3,0.0,92.4,94.2,0.0,80.5,0.0,0.13323,0.36123,0.34167,0.15128,0.0,0.0,0.0,95.64,0.0,6.26,0.0,0.0,42.47,6.26,0.0,0.97,741.03,0.52,295545.5973,12987.41,0.0,14.54,3.01,1017.03,25.93,12987.407,108.8,828.59,0.0,0.0,0.0,122.18,0.0,0.0,0.06,62.42,0.0,616.03,11906.37855,2.0,1.0,0.1,,3.0,19,17890.0,285.0,2862.0,2986.0,2563.5,236.5,1008.5,1249.0,830.0,442.0,,0.0,1913.0,9876.0,0.0,477311.0,0.0,795.0,153324.0,72968.0,0.0,151364.0,0.0,27,1
C1-S25-B1.2-R1,41.1,14.8,94.2,21.6,0.0,0.0,0.01969,0.02783,0.06519,0.00671,0.0,0.0,0.0,0.0,0.0,0.0,0.0,0.0,0.0,0.0,0.0,0.0,0.0,0.0,0.0,0.0,0.0,0.0,0.0,0.0,0.0,0.0,0.0,0.0,0.0,0.0,0.0,0.0,0.0,0.0,0.0,0.0,0.0,0.0,0.0,2.0,1.0,0.1,,1.0,25,7080.0,312.5,6641.5,2732.0,763.5,583.5,739.0,335.5,337.5,248.5,,9491.0,752.0,9876.0,2208.0,0.0,0.0,101260.0,160436.0,81224.0,8806.0,0.0,0.0,27,3
C1-S25-B1.2-R2,41.1,14.8,94.2,21.6,0.0,0.0,0.00792,0.027260000000000003,0.06282,0.0054399999999999995,0.0,0.0,0.0,210.42,0.0,57.34,0.0,3094208.606,5.49,14.38,0.0,1.57,341.39,0.88,176939.444,14354.34,0.0,41.57,5.82,1165.61,18.75,14354.336000000001,76.31,850.06,0.0,0.0,0.0,62.02,0.0,0.0,0.0,36.95,0.0,522.27,0.0,2.0,1.0,0.1,,2.0,25,6190.0,328.0,7062.5,2047.0,624.0,558.5,713.5,298.5,333.5,252.5,,9491.0,752.0,9876.0,2208.0,0.0,0.0,109298.0,161468.0,90435.0,10664.0,0.0,0.0,27,3
C1-S25-B1.2-R3,41.1,14.8,94.2,21.6,0.0,0.0,0.00992,0.0,0.06339,0.00595,0.0,0.0,0.0,0.0,0.0,0.0,0.0,0.0,0.0,0.0,0.0,0.0,0.0,0.0,0.0,0.0,0.0,0.0,0.0,0.0,0.0,0.0,0.0,0.0,0.0,0.0,0.0,0.0,0.0,0.0,0.0,0.0,0.0,0.0,0.0,2.0,1.0,0.1,,3.0,25,4877.5,238.5,5863.0,1849.0,475.0,551.5,532.0,245.5,255.0,215.0,,9491.0,752.0,9876.0,2208.0,0.0,0.0,101216.0,160094.0,90090.0,9914.0,2224.0,0.0,27,3
C1-S26-B1.2-R1,41.1,92.4,94.2,21.6,0.0,0.0,0.07135,0.027000000000000003,0.0636,0.01236,0.0204,0.0,0.0,0.0,0.0,0.0,0.0,0.0,0.0,0.0,0.0,0.0,0.0,0.0,0.0,0.0,0.0,0.0,0.0,0.0,0.0,0.0,0.0,0.0,0.0,0.0,0.0,0.0,0.0,0.0,0.0,0.0,0.0,0.0,0.0,2.0,1.0,0.1,,1.0,26,6670.0,317.5,7198.5,2177.0,660.0,492.5,676.0,264.0,345.5,219.0,,9491.0,1913.0,9876.0,2208.0,0.0,0.0,109625.0,393379.0,97422.0,16566.0,9672.0,0.0,27,3
C1-S26-B1.2-R2,41.1,92.4,94.2,21.6,0.0,0.0,0.07881,0.0272,0.06354,0.0145,0.013630000000000001,0.0,0.0,138.2,0.0,96.47,0.0,1163797.5590000001,48.5,24.18,0.0,2.46,261.01,2.17,799839.1397,9012.82,0.0,32.11,13.42,2280.16,42.22,9012.821,221.46,789.85,0.0,10.29,0.0,111.07,6.22,0.0,0.07,68.15,0.0,412.2,26791.38149,2.0,1.0,0.1,,2.0,26,7400.0,298.5,7223.5,2410.0,719.0,464.5,674.0,243.0,323.0,231.0,,9491.0,1913.0,9876.0,2208.0,0.0,0.0,110714.0,411022.0,93899.0,17555.0,7043.0,0.0,27,3
C1-S26-B1.2-R3,41.1,92.4,94.2,21.6,0.0,0.0,0.06607,0.02712,0.06287999999999999,0.01248,0.0,0.0,0.0,59.66,0.0,68.7,0.0,1214626.418,0.0,0.0,0.0,1.84,200.08,1.42,338186.7028,9560.28,0.0,0.0,10.25,586.2,0.0,9560.279,172.58,973.28,0.0,0.0,0.0,0.0,0.0,0.0,0.0,32.04,0.0,778.95,0.0,2.0,1.0,0.1,,3.0,26,7801.0,300.0,7369.5,3068.5,808.5,605.0,780.0,288.5,379.0,232.0,,9491.0,1913.0,9876.0,2208.0,0.0,0.0,100193.0,411484.0,92513.0,13988.0,0.0,0.0,27,3
C1-S27-B1.2-R1,41.1,87.6,94.2,21.6,0.0,0.0,0.005679999999999999,0.0,0.0608,0.0032,2.81977,5.0944199999999995,0.0,96.35,0.0,40.76,196.71,796291.7104,27.64,145.55,0.0,28.1,47.02,1.06,319312.2169,5521.95,0.0,23.02,1.25,254.43,0.0,5521.946,37.4,480.72,0.0,0.0,0.0,56.88,0.0,0.0,0.07,49.98,0.0,516.11,28465.013310000002,2.0,1.0,0.1,,1.0,27,5212.5,264.0,7986.5,1894.0,540.0,480.5,501.5,169.5,246.0,193.5,,9491.0,9103.0,9876.0,2208.0,0.0,0.0,152484.0,874810.0,118379.0,29147.0,7317.0,0.0,27,3
C1-S27-B1.2-R2,41.1,87.6,94.2,21.6,0.0,0.0,0.0067,0.0,0.0,0.0025399999999999997,2.7633,4.9732,0.0,115.78,1343.77,35898.59,182.23,1179622.196,29.32,138.98,0.0,32.99,107.42,2.76,505040.7571,0.0,0.0,25.71,1.98,471.0,16.98,0.0,51.64,388.68,0.0,0.0,0.0,85.74,0.0,7.81,0.0,54.32,0.0,339.35,0.0,2.0,1.0,0.1,,2.0,27,6126.0,294.5,8023.0,2289.0,632.0,506.0,538.5,193.0,286.5,214.5,,9491.0,9103.0,9876.0,2208.0,0.0,0.0,146233.0,937369.0,116824.0,27812.0,0.0,805.0,27,3
C1-S27-B1.2-R3,41.1,87.6,94.2,21.6,0.0,0.0,0.00717,0.0,0.060820000000000006,0.00242,7.97576,0.7833899999999999,0.0,215.13,1045.48,0.0,0.0,1336635.9270000001,29.76,159.17,0.0,38.2,91.44,2.54,512210.8233,0.0,0.0,18.41,3.67,556.2,8.89,0.0,52.01,449.47,0.0,0.0,0.0,35.39,0.0,8.75,0.0,18.53,0.0,354.75,0.0,2.0,1.0,0.1,,3.0,27,6069.0,316.5,7587.0,2260.5,610.0,578.5,566.0,213.5,312.0,232.5,,9491.0,9103.0,9876.0,2208.0,0.0,0.0,157666.0,1051744.0,125219.0,31060.0,804.0,0.0,27,3
C1-S28-B1.2-R1,41.1,14.8,94.2,85.5,0.0,0.0,0.02839,0.02684,0.06367,0.0068200000000000005,0.0,0.0,0.0,158.27,1275.66,14022.36,0.0,2872973.708,48.23,12.9,0.0,1.63,203.15,1.98,255464.0717,0.0,0.0,13.28,8.95,762.24,19.49,0.0,92.36,754.13,0.0,0.0,0.0,104.45,0.0,6.13,0.03,75.06,0.0,493.26,0.0,2.0,1.0,0.1,,1.0,28,8616.5,335.5,6240.0,3207.5,1008.0,598.5,749.5,388.0,417.0,242.0,,9491.0,752.0,9876.0,10915.0,0.0,0.0,103947.0,140030.0,86256.0,16367.0,3320.0,0.0,27,3
C1-S28-B1.2-R2,41.1,14.8,94.2,85.5,0.0,0.0,0.0294,0.0,0.06245,0.00625,0.0,0.0,0.0,0.0,0.0,0.0,0.0,0.0,0.0,0.0,0.0,0.0,0.0,0.0,0.0,0.0,0.0,0.0,0.0,0.0,0.0,0.0,0.0,0.0,0.0,0.0,0.0,0.0,0.0,0.0,0.0,0.0,0.0,0.0,0.0,2.0,1.0,0.1,,2.0,28,8740.0,384.0,6555.5,3393.5,1021.5,671.5,855.5,448.5,443.5,293.0,,9491.0,752.0,9876.0,10915.0,0.0,0.0,91972.0,114532.0,81770.0,14153.0,0.0,0.0,27,3
C1-S28-B1.2-R3,41.1,14.8,94.2,85.5,0.0,0.0,0.02603,0.0,0.06312000000000001,0.007209999999999999,0.0,0.0,0.0,214.59,2326.62,18915.46,0.0,5097526.524,1.92,22.92,0.0,2.42,101.59,3.67,402863.7023,1383.32,0.0,1065.97,18.18,457.09,13.75,1383.32,167.62,1121.74,11.31,0.0,0.0,91.9,0.0,19.39,0.0,62.36,0.0,437.16,14395.96765,2.0,1.0,0.1,,3.0,28,8209.0,318.0,5667.5,2955.0,936.5,563.0,725.5,388.0,375.5,254.5,,9491.0,752.0,9876.0,10915.0,0.0,0.0,101638.0,148197.0,86045.0,18380.0,3074.0,0.0,27,3
C1-S29-B1.2-R1,41.1,92.4,94.2,85.5,0.0,0.0,0.07451,0.0,0.061829999999999996,0.00946,0.6028600000000001,2.14051,0.0,135.07,1407.09,17634.33,0.0,3063838.05,47.78,82.46,0.0,12.11,347.42,0.0,723626.3961,694.46,0.0,0.0,8.14,2904.29,60.63,694.4580000000001,100.85,882.36,0.0,13.37,0.0,197.88,11.17,6.65,0.09,120.66,0.0,632.39,50007.709,2.0,1.0,0.1,,1.0,29,10752.0,385.0,7175.5,3772.0,1423.0,545.0,759.5,349.5,477.5,244.5,,9491.0,1913.0,9876.0,10915.0,0.0,0.0,128554.0,330087.0,97741.0,29795.0,833.0,0.0,27,3
C1-S29-B1.2-R2,41.1,92.4,94.2,85.5,0.0,0.0,0.07485,0.0,0.06279,0.00951,0.34219,1.15622,0.0,0.0,0.0,0.0,0.0,0.0,0.0,0.0,0.0,0.0,0.0,0.0,0.0,0.0,0.0,0.0,0.0,2.98,0.0,0.0,0.0,0.0,0.0,0.0,0.0,0.0,0.0,0.0,0.0,0.0,0.0,0.0,0.0,2.0,1.0,0.1,,2.0,29,10287.5,409.0,7239.0,3807.0,1356.5,591.0,776.5,345.5,462.5,256.5,,9491.0,1913.0,9876.0,10915.0,0.0,0.0,130910.0,340855.0,98703.0,29473.0,5716.0,0.0,27,3
C1-S29-B1.2-R3,41.1,92.4,94.2,85.5,0.0,0.0,0.07622000000000001,0.0,0.06159,0.01004,0.36195,1.48476,0.0,0.0,0.0,0.0,0.0,0.0,0.0,0.0,0.0,0.0,0.0,0.0,0.0,0.0,0.0,0.0,0.0,0.0,0.0,0.0,0.0,0.0,0.0,0.0,0.0,0.0,0.0,0.0,0.0,0.0,0.0,0.0,0.0,2.0,1.0,0.1,,3.0,29,8728.0,399.0,8897.5,3229.5,1055.5,707.5,815.5,336.0,413.5,267.0,,9491.0,1913.0,9876.0,10915.0,0.0,0.0,128301.0,327600.0,100982.0,25177.0,812.0,0.0,27,3
C1-S30-B1.2-R1,41.1,87.6,94.2,85.5,0.0,0.0,0.02221,0.0,0.06095,0.0039,2.47778,5.34465,0.0,0.0,0.0,0.0,0.0,0.0,0.0,0.0,0.0,0.0,0.0,0.0,0.0,0.0,0.0,0.0,0.0,0.0,0.0,0.0,0.0,0.0,0.0,0.0,0.0,0.0,0.0,0.0,0.0,0.0,0.0,0.0,0.0,2.0,1.0,0.1,,1.0,30,6269.5,326.5,8024.0,2106.0,648.5,522.5,613.5,222.5,325.0,221.5,,9491.0,9103.0,9876.0,10915.0,0.0,0.0,158967.0,926442.0,129051.0,40708.0,0.0,0.0,27,3
C1-S30-B1.2-R2,41.1,87.6,94.2,85.5,0.0,0.0,0.020059999999999998,0.02659,0.060860000000000004,0.00317,2.59363,4.8799,0.0,260.41,1764.37,0.0,162.5,1561309.009,34.42,231.72,0.0,43.05,63.96,2.49,499193.4851,887.85,0.0,50.37,2.17,198.07,6.44,887.8530000000001,43.83,484.41,17.04,0.0,0.0,72.23,0.0,4.77,0.0,66.7,0.0,717.62,20602.5266,2.0,1.0,0.1,,2.0,30,6188.5,307.0,8306.5,2031.5,615.0,514.5,602.0,201.0,318.0,234.0,,9491.0,9103.0,9876.0,10915.0,0.0,0.0,156625.0,978076.0,127434.0,43504.0,2877.0,0.0,27,3
C1-S30-B1.2-R3,41.1,87.6,94.2,85.5,0.0,0.0,0.01652,0.0,0.0,0.0031100000000000004,1.7538799999999999,3.05955,0.0,122.34,1253.96,0.0,127.25,1162177.844,26.41,182.06,0.0,36.2,82.95,2.4,264088.2305,1375.29,0.0,23.25,1.84,350.99,8.6,1375.2920000000001,44.21,551.67,0.0,0.0,0.0,57.43,0.0,3.8,0.0,43.32,0.0,599.56,16114.179180000001,2.0,1.0,0.1,,3.0,30,6825.0,322.0,9402.5,2619.0,724.5,594.5,616.5,215.0,292.5,207.5,,9491.0,9103.0,9876.0,10915.0,0.0,0.0,166579.0,1009182.0,128552.0,43431.0,7486.0,0.0,27,3
C1-S31-B1.2-R1,0.0,92.4,96.5,0.0,72.1,0.0,0.0,0.04583,0.14573,0.026810000000000004,0.01377,0.0,0.0,0.0,0.0,0.0,0.0,0.0,0.0,0.0,0.0,0.0,0.0,0.0,0.0,0.0,0.0,0.0,0.0,0.0,0.0,0.0,0.0,0.0,0.0,0.0,0.0,0.0,0.0,0.0,0.0,0.0,0.0,0.0,0.0,2.0,1.0,0.1,,1.0,31,4475.5,335.5,5225.5,1776.5,828.5,254.5,592.0,399.0,230.0,153.5,,0.0,1913.0,1560.0,0.0,1913.0,0.0,0.0,93821.0,188519.0,0.0,2850.0,0.0,27,1
C1-S31-B1.2-R2,0.0,92.4,96.5,0.0,72.1,0.0,0.0,0.046130000000000004,0.1483,0.02732,0.0,0.0,0.0,0.0,0.0,0.0,0.0,0.0,0.0,0.0,0.0,0.0,0.0,0.0,0.0,0.0,0.0,0.0,0.0,0.0,0.0,0.0,0.0,0.0,0.0,0.0,0.0,0.0,0.0,0.0,0.0,0.0,0.0,0.0,0.0,2.0,1.0,0.1,,2.0,31,4709.5,410.5,5465.0,1851.0,433.5,482.0,868.5,526.5,259.5,266.0,,0.0,1913.0,1560.0,0.0,1913.0,0.0,0.0,96694.0,180955.0,0.0,3875.0,0.0,27,1
C1-S31-B1.2-R3,0.0,92.4,96.5,0.0,72.1,0.0,0.0,0.04774,0.15565,0.030330000000000003,0.01321,0.0,0.0,155.68,2464.45,0.0,407.32,3861111.595,84.82,7.53,0.0,0.0,447.91,0.6,91132.76094,3127.06,0.0,0.0,5.85,607.81,63.34,3127.055,82.07,803.46,0.0,0.0,0.0,0.0,0.0,15.49,0.0,0.0,0.0,407.64,0.0,2.0,1.0,0.1,,3.0,31,5621.5,507.0,5528.0,2569.0,551.0,632.5,1287.0,879.5,373.0,326.0,,0.0,1913.0,1560.0,0.0,1913.0,0.0,427.0,96589.0,184261.0,1200.0,1455.0,0.0,27,1
C1-S32-B1.2-R1,0.0,14.8,96.5,0.0,80.5,0.0,0.13608,0.18256,0.27221,0.13651,0.8553200000000001,2.04641,0.0,90.97,1064.19,11725.57,110.22,3559707.28,27.75,36.33,0.0,0.0,900.94,0.0,444503.3335,2163.98,0.0,0.0,6.46,1028.06,17.42,2163.979,74.04,817.04,0.0,0.0,0.0,90.93,0.0,2.05,0.0,78.8,0.0,528.35,0.0,2.0,1.0,0.1,,1.0,32,21552.0,500.5,2693.0,6102.5,5345.5,275.0,1291.0,1590.0,1432.0,395.0,,0.0,752.0,1560.0,0.0,477311.0,0.0,1235.0,223440.0,163592.0,0.0,353284.0,0.0,27,1
C1-S32-B1.2-R2,0.0,14.8,96.5,0.0,80.5,0.0,0.14315,0.19575,0.28714,0.14495,0.66137,0.9153,0.0,0.0,0.0,0.0,0.0,0.0,0.0,0.0,0.0,0.0,0.0,0.0,0.0,0.0,0.0,0.0,0.0,1.53,0.0,0.0,0.0,0.0,0.0,0.0,0.0,4.5,0.0,0.0,0.0,0.0,0.0,0.0,0.0,2.0,1.0,0.1,,2.0,32,21870.5,628.0,3471.5,6515.0,5868.0,387.0,1438.5,1808.0,1536.0,496.5,,0.0,752.0,1560.0,0.0,477311.0,0.0,644.0,212751.0,163693.0,542.0,353541.0,0.0,27,1
C1-S32-B1.2-R3,0.0,14.8,96.5,0.0,80.5,0.0,0.1477,0.20775,0.30972,0.15566,0.64402,0.30179,0.0,39.59,1579.87,5583.01,121.58,3749445.617,29.31,19.27,0.0,0.0,194.83,1.12,574004.7215,1749.61,0.0,0.0,3.57,431.41,15.58,1749.606,135.87,842.64,0.0,0.0,0.0,117.36,0.0,2.1,0.04,87.09,0.0,1077.11,15099.288840000001,2.0,1.0,0.1,,3.0,32,21062.0,479.0,2598.5,5387.5,4785.5,270.5,1266.0,1502.0,1283.5,418.0,,0.0,752.0,1560.0,0.0,477311.0,0.0,747.0,217714.0,157030.0,0.0,369664.0,0.0,27,1
C1-S33-B1.2-R1,0.0,92.4,96.5,0.0,80.5,0.0,0.11299000000000001,0.14640999999999998,0.20792,0.10764000000000001,0.70838,3.76919,0.0,80.53,1607.62,5150.82,126.89,5015657.914,39.17,107.47,0.0,0.0,550.03,1.28,1647644.17,2003.82,0.0,0.0,3.68,1081.65,19.25,2003.817,84.25,706.39,0.0,0.0,0.0,134.69,0.0,2.23,0.03,142.15,0.0,1037.62,99535.91707000001,2.0,1.0,0.1,,1.0,33,,,,,,,,,,,,0.0,1913.0,1560.0,0.0,477311.0,0.0,1893.0,180662.0,156275.0,656.0,255153.0,0.0,27,1
C1-S33-B1.2-R2,0.0,92.4,96.5,0.0,80.5,0.0,0.11077000000000001,0.1427,0.20296,0.1034,0.95032,5.23935,0.0,124.4,1107.65,4159.92,419.65,3100046.1610000003,41.9,76.91,0.0,0.0,550.32,1.4,558644.0708,1716.76,0.0,11.6,10.6,1128.77,28.05,1716.7620000000002,88.2,525.4,0.0,0.0,0.0,329.15,0.0,3.07,0.0,280.4,0.0,586.85,46927.24528,2.0,1.0,0.1,,2.0,33,,,,,,,,,,,,0.0,1913.0,1560.0,0.0,477311.0,0.0,1994.0,176053.0,148812.0,0.0,239988.0,2399.0,27,1
C1-S33-B1.2-R3,0.0,92.4,96.5,0.0,80.5,0.0,0.11784000000000001,0.13655,0.19971,0.10155,0.96736,5.1899,0.0,0.0,0.0,0.0,0.0,0.0,0.0,0.0,0.0,0.0,0.0,0.0,0.0,0.0,0.0,0.0,0.0,3.06,0.0,0.0,0.0,0.0,0.0,0.0,0.0,0.0,0.0,0.0,0.0,0.0,0.0,0.0,0.0,2.0,1.0,0.1,,3.0,33,,,,,,,,,,,,0.0,1913.0,1560.0,0.0,477311.0,0.0,1736.0,176585.0,158485.0,656.0,241808.0,0.0,27,1
C1-S34-B1.2-R1,0.0,87.6,96.5,0.0,80.5,0.0,0.0,0.03028,0.08589,0.00815,0.0,0.0,0.0,145.75,2047.55,11764.76,185.67,4145634.063,56.34,18.82,0.0,0.0,300.79,1.88,178894.0312,4640.48,0.0,0.0,1.86,521.4,21.04,4640.482,117.56,663.95,0.0,0.0,0.0,0.0,0.0,15.43,0.03,0.0,0.0,466.93,0.0,2.0,1.0,0.1,,1.0,34,15907.5,373.5,4740.5,3543.5,2644.0,329.5,978.5,917.0,673.0,989.0,,0.0,9103.0,1560.0,0.0,477311.0,0.0,865.0,66185.0,168689.0,583.0,23320.0,0.0,27,1
C1-S34-B1.2-R2,0.0,87.6,96.5,0.0,80.5,0.0,0.0,0.029589999999999998,0.0847,0.00773,0.0,0.0,0.0,140.03,2091.67,9743.47,229.94,4190868.896,61.87,23.89,0.0,0.0,1152.68,1.55,113386.382,3747.72,0.0,0.0,3.55,1861.58,107.5,3747.723,45.51,698.92,0.0,0.0,0.0,140.62,6.91,19.85,0.01,77.69,0.0,559.5,0.0,2.0,1.0,0.1,,2.0,34,12763.0,350.5,3737.5,2208.5,1797.5,286.0,732.0,552.5,633.0,654.0,,0.0,9103.0,1560.0,0.0,477311.0,0.0,741.0,66880.0,162770.0,0.0,24299.0,0.0,27,1
C1-S34-B1.2-R3,0.0,87.6,96.5,0.0,80.5,0.0,0.0,0.02973,0.08625,0.00804,0.0,0.0,0.0,130.66,2267.27,10613.68,268.06,3971839.916,63.84,12.59,0.0,0.0,2012.96,0.72,100071.209,3914.69,0.0,0.0,3.07,2133.28,144.58,3914.6929999999998,91.11,724.65,0.0,0.0,0.0,152.46,7.27,18.75,0.02,109.57,0.0,585.93,0.0,2.0,1.0,0.1,,3.0,34,5938.5,536.0,6056.0,3005.5,532.5,607.5,1278.0,743.5,367.5,234.5,,0.0,9103.0,1560.0,0.0,477311.0,0.0,940.0,68351.0,167169.0,1434.0,26490.0,0.0,27,1
C1-S35-B1.2-R1,41.1,87.6,96.5,21.6,0.0,0.0,0.018869999999999998,0.02682,0.061270000000000005,0.00426,2.7547599999999997,7.550039999999999,0.0,188.77,1229.58,7536.57,178.65,601935.5946,25.59,117.2,0.0,0.0,642.16,1.4,1295752.012,2430.22,0.0,11.38,2.54,1466.45,40.07,2430.216,40.72,670.09,0.0,11.0,0.0,263.65,6.2,3.29,1.83,226.84,0.0,0.0,94784.04275,2.0,1.0,0.1,,1.0,35,6471.0,366.0,7043.0,2264.0,733.0,484.5,782.0,262.0,339.5,263.0,,9491.0,9103.0,1560.0,2208.0,0.0,0.0,259273.0,1178582.0,358515.0,66959.0,3086.0,0.0,27,3
C1-S35-B1.2-R2,41.1,87.6,96.5,21.6,0.0,0.0,0.011309999999999999,0.02661,0.0,0.00415,2.7278700000000002,7.387160000000001,15892.17435,222.52,1245.64,7663.83,145.83,918104.4201,29.55,239.82,0.0,0.0,796.43,1.29,1816055.794,2518.45,0.0,28.35,2.61,1933.61,48.62,2518.451,30.62,700.39,0.0,0.0,0.0,251.47,6.71,6.7,1.36,224.76,0.0,270.22,255896.2953,2.0,1.0,0.1,,2.0,35,8806.5,433.5,7276.5,3046.0,1081.5,625.5,838.0,284.5,411.5,284.5,,9491.0,9103.0,1560.0,2208.0,0.0,0.0,256264.0,1211635.0,353444.0,74997.0,2882.0,162.0,27,3
C1-S35-B1.2-R3,41.1,87.6,96.5,21.6,0.0,0.0,0.01617,0.0,0.06096,0.00322,1.9516200000000001,5.10076,0.0,95.83,1478.22,7299.05,142.87,619827.4051,28.98,162.84,0.0,0.0,715.83,3.2,1103538.1770000001,1704.36,0.0,10.3,1.35,1079.6,44.81,1704.359,54.54,426.69,0.0,0.0,0.0,300.35,5.11,6.57,2.18,265.39,0.0,223.94,49979.97008,2.0,1.0,0.1,,3.0,35,5870.0,341.5,6380.5,1691.0,552.0,400.0,650.0,222.5,288.5,260.0,,9491.0,9103.0,1560.0,2208.0,0.0,0.0,262022.0,1207972.0,355554.0,73712.0,3102.0,0.0,27,3
C1-S36-B1.2-R1,41.1,14.8,96.5,85.5,0.0,0.0,0.013059999999999999,0.02692,0.06164,0.00491,0.013080000000000001,0.0,0.0,146.2,3205.78,20293.08,187.28,4132385.853,50.13,53.01,0.0,0.0,158.94,8.4,495924.838,4847.67,0.0,51.11,4.26,246.32,9.44,4847.674,139.58,960.14,0.0,0.0,0.0,0.0,0.0,5.51,0.06,0.0,0.0,889.13,0.0,2.0,1.0,0.1,,1.0,36,6584.0,446.5,6863.0,2419.0,771.5,614.0,943.0,363.0,342.0,276.5,,9491.0,752.0,1560.0,10915.0,0.0,0.0,143921.0,159164.0,232136.0,38176.0,0.0,0.0,27,3
C1-S36-B1.2-R2,41.1,14.8,96.5,85.5,0.0,0.0,0.01181,0.02669,0.06118,0.00465,0.0049700000000000005,0.0,0.0,272.62,1926.81,16208.24,198.52,3372591.7410000004,0.0,0.0,0.0,0.0,52.67,1.82,1255336.7040000001,6817.04,0.0,0.0,7.85,255.38,22.62,6817.036999999999,114.45,1206.66,0.0,0.0,0.0,33.56,0.0,6.79,0.02,29.4,0.0,388.24,0.0,2.0,1.0,0.1,,2.0,36,7239.0,385.5,5573.5,2606.0,888.0,482.5,825.0,383.5,331.0,248.0,,9491.0,752.0,1560.0,10915.0,0.0,0.0,144439.0,146173.0,232557.0,37862.0,0.0,0.0,27,3
C1-S36-B1.2-R3,41.1,14.8,96.5,85.5,0.0,0.0,0.01999,0.0271,0.06142,0.00525,0.0,0.0,0.0,124.88,1943.12,12438.69,108.83,4778925.433,38.81,20.55,0.0,0.0,189.88,2.66,641400.7703,4254.54,0.0,21.41,10.14,554.87,28.74,4254.541,100.85,836.78,0.0,0.0,0.0,34.9,0.0,4.18,0.04,28.7,0.0,789.52,0.0,2.0,1.0,0.1,,3.0,36,5999.0,365.5,4805.0,1790.0,659.5,411.0,745.0,309.5,286.0,239.5,,9491.0,752.0,1560.0,10915.0,0.0,0.0,151161.0,155123.0,227259.0,43433.0,0.0,0.0,27,3
C0-S9017-B1.2-R1,0.0,0.0,0.0,0.0,0.0,0.0,0.0,0.68335,0.34899,0.2939,0.0,0.0,0.0,0.0,0.0,0.0,0.0,0.0,0.0,0.0,0.0,0.0,0.0,0.0,0.0,0.0,0.0,0.0,0.0,0.0,0.0,0.0,0.0,0.0,0.0,0.0,0.0,0.0,0.0,0.0,0.0,0.0,0.0,0.0,0.0,2.0,0.0,0.1,,1.0,9017,,,,,,,,,,,,0.0,0.0,0.0,0.0,0.0,0.0,382.0,15325.0,0.0,0.0,1070799.0,0.0,27,0
C0-S9017-B1.2-R2,0.0,0.0,0.0,0.0,0.0,0.0,0.0,0.65045,0.33935,0.29903,0.0,0.0,0.0,111.25,2292.41,7478.62,330.06,6437546.06,40.56,69.62,0.0,0.0,11.74,0.76,0.0,7028.67,0.0,0.0,6.07,33.07,0.0,7028.673000000001,136.53,1238.81,0.0,0.0,0.0,47.32,0.0,5.74,0.0,64.69,0.0,1068.89,0.0,2.0,0.0,0.1,,2.0,9017,,,,,,,,,,,,0.0,0.0,0.0,0.0,0.0,0.0,0.0,21035.0,0.0,0.0,1178613.0,2575.0,27,0
C0-S9017-B1.2-R3,0.0,0.0,0.0,0.0,0.0,0.0,0.0,0.6657,0.35752,0.30321,0.0,0.0,0.0,72.23,1775.75,4240.9,131.84,4132290.7,45.37,44.08,0.0,0.0,13.99,1.0,0.0,4879.16,0.0,9.39,2.8,29.72,7.07,4879.164000000001,134.25,944.82,0.0,0.0,0.0,80.25,0.0,6.16,0.0,81.97,0.0,988.23,0.0,2.0,0.0,0.1,,3.0,9017,,,,,,,,,,,,0.0,0.0,0.0,0.0,0.0,0.0,498.0,20178.0,0.0,0.0,1123316.0,0.0,27,0
C1-S1-B1.3-R1,0.0,14.8,96.5,0.0,0.0,92.0,0.6439699999999999,0.12095999999999998,0.15009,0.1103,0.0070599999999999994,0.0,0.0,0.0,4626.36,6648.68,1560.96,4725935.836,0.0,0.0,0.0,0.0,92.94,0.0,232574.3477,8292.94,0.0,0.0,0.0,193.93,24.19,8292.943000000001,0.0,962.12,71.81,0.0,0.0,0.0,0.0,0.0,0.0,0.0,0.0,0.0,31136.2407,3.0,1.0,0.1,,1.0,1,2161.5,1027.5,927.0,330.5,251.5,314.5,364.5,147.5,221.0,115.5,,0.0,752.0,1560.0,0.0,0.0,1958.0,594.0,94257.0,142442.0,0.0,1099.0,121953.0,27,2
C1-S1-B1.3-R2,0.0,14.8,96.5,0.0,0.0,92.0,0.6289,0.12145999999999998,0.14935,0.10957,0.0,0.0,0.0,0.0,0.0,0.0,0.0,0.0,0.0,0.0,0.0,0.0,0.0,1.72,0.0,0.0,0.0,34.98,1.25,0.0,0.0,0.0,0.0,0.0,0.0,0.0,0.12,0.0,0.0,23.3,0.0,0.0,0.0,237.96,0.0,3.0,1.0,0.1,,2.0,1,2805.5,1267.5,1316.0,455.5,351.5,374.5,442.0,185.0,281.0,139.5,,0.0,752.0,1560.0,0.0,0.0,1958.0,544.0,86387.0,137559.0,579.0,1965.0,110232.0,27,2
C1-S1-B1.3-R3,0.0,14.8,96.5,0.0,0.0,92.0,0.62889,0.12189000000000001,0.15069000000000002,0.11213,0.0,0.0,0.0,0.0,0.0,0.0,0.0,0.0,0.0,0.0,0.0,0.8,0.0,0.0,0.0,0.0,0.0,0.0,0.0,0.0,0.0,0.0,0.0,0.0,0.0,0.0,0.0,0.0,0.0,0.0,0.0,0.0,0.0,0.0,0.0,3.0,1.0,0.1,,3.0,1,2684.5,1215.0,1344.0,422.5,348.0,371.5,466.5,186.5,277.5,136.5,,0.0,752.0,1560.0,0.0,0.0,1958.0,0.0,92864.0,140317.0,2727.0,2138.0,116728.0,27,2
C1-S2-B1.3-R1,0.0,92.4,96.5,0.0,0.0,92.0,0.63397,0.12134,0.14927,0.10927,0.0,0.0,9799.53408,0.0,3084.12,9365.95,1027.05,3705703.894,0.0,0.0,0.0,0.0,177.59,0.0,263261.9417,10248.16,0.0,0.0,0.0,1204.44,74.94,10248.162,0.0,990.98,47.82,10.33,0.0,127.68,10.76,0.0,0.0,66.05,0.0,0.0,29637.48737,3.0,1.0,0.1,,1.0,2,2677.5,1082.5,1042.5,458.5,326.0,384.0,415.0,190.5,285.5,157.5,,0.0,1913.0,1560.0,0.0,0.0,1958.0,0.0,97136.0,139410.0,0.0,0.0,119671.0,27,2
C1-S2-B1.3-R2,0.0,92.4,96.5,0.0,0.0,92.0,0.63347,0.12046,0.14794000000000002,0.1066,0.0,0.0,0.0,0.0,0.0,0.0,0.0,0.0,0.0,0.0,0.0,0.0,0.0,0.0,0.0,0.0,0.0,21.97,1.61,0.0,0.0,0.0,0.0,0.0,0.0,0.0,0.13,0.0,0.0,22.19,0.0,0.0,0.0,236.81,0.0,3.0,1.0,0.1,,2.0,2,2426.0,1064.5,1066.0,408.5,293.0,327.0,392.5,166.5,259.5,138.0,,0.0,1913.0,1560.0,0.0,0.0,1958.0,576.0,107045.0,147915.0,0.0,0.0,135795.0,27,2
C1-S2-B1.3-R3,0.0,92.4,96.5,0.0,0.0,92.0,0.62905,0.12036,0.14800000000000002,0.1067,0.0,0.0,0.0,158.02,3648.31,6267.79,1022.47,2444237.893,0.0,45.1,0.0,0.34,207.69,0.0,202228.5492,8978.92,0.0,0.0,0.0,905.42,61.62,8978.917,0.0,834.08,58.05,11.26,0.0,109.93,17.13,0.0,0.0,56.59,0.0,0.0,20142.41454,3.0,1.0,0.1,,3.0,2,2702.0,1227.0,1008.0,406.5,308.5,362.5,368.5,166.5,257.0,122.0,,0.0,1913.0,1560.0,0.0,0.0,1958.0,773.0,144772.0,153000.0,0.0,588.0,188926.0,27,2
C1-S3-B1.3-R1,0.0,87.6,96.5,0.0,0.0,92.0,0.1682,0.11194000000000001,0.0,0.07322000000000001,0.1714,1.01264,0.0,0.0,0.0,0.0,0.0,0.0,0.0,0.0,0.0,0.0,0.0,0.95,0.0,0.0,0.0,26.12,1.01,0.0,0.0,0.0,0.0,0.0,0.0,0.0,0.1,0.0,0.0,12.44,0.0,0.0,0.0,439.36,0.0,3.0,1.0,0.1,,1.0,3,3091.0,425.5,1284.5,565.0,360.5,248.5,275.0,132.0,229.0,149.5,,0.0,9103.0,1560.0,0.0,0.0,1958.0,1344.0,355038.0,125322.0,0.0,2892.0,138378.0,27,2
C1-S3-B1.3-R2,0.0,87.6,96.5,0.0,0.0,92.0,0.16935999999999998,0.0,0.0,0.07386000000000001,3.20559,3.38617,13917.219,158.93,1244.25,5971.83,284.28,4783227.716,0.0,50.82,0.0,0.41,85.43,0.0,425675.3228,4355.23,0.0,0.0,0.0,144.42,32.81,4355.234,0.0,522.59,27.81,0.0,0.0,2.62,9.65,0.0,0.0,44.33,0.0,0.0,37933.801980000004,3.0,1.0,0.1,,2.0,3,3009.5,395.0,1243.0,602.5,392.0,283.0,317.5,142.5,258.0,164.0,,0.0,9103.0,1560.0,0.0,0.0,1958.0,2361.0,369437.0,131057.0,0.0,0.0,135131.0,27,2
C1-S3-B1.3-R3,0.0,87.6,96.5,0.0,0.0,92.0,0.16927999999999999,0.11195999999999999,0.13996,0.07193,0.13832,0.7692399999999999,13979.95058,0.0,1578.85,6860.29,204.29,4177417.5930000003,1.29,0.0,0.0,0.0,36.46,5.68,484250.9856,3309.61,0.0,18.78,2.17,58.72,0.0,3309.614,0.0,522.55,34.35,0.0,0.09,60.84,0.0,3.77,41.14,0.0,0.0,264.03,43842.39778,3.0,1.0,0.1,,3.0,3,2768.5,417.0,1600.0,596.5,400.5,288.0,312.0,152.5,252.5,164.5,,0.0,9103.0,1560.0,0.0,0.0,1958.0,1275.0,337160.0,125472.0,242.0,0.0,120677.0,27,2
C1-S5-B1.3-R1,0.0,92.4,96.5,0.0,0.0,98.4,0.53089,0.11544000000000001,0.14643,0.09785,0.020669999999999997,0.03184,0.0,77.08,0.0,0.0,0.0,0.0,1.71,134.0,0.0,1.67,0.0,6.09,0.0,0.0,0.0,17.44,1.15,0.0,0.0,0.0,0.0,0.0,0.0,0.0,0.11,0.0,0.0,3.3,52.09,0.0,0.0,260.53,0.0,3.0,1.0,0.1,,1.0,5,1613.5,1180.5,1171.5,489.0,308.5,378.0,301.0,144.0,251.5,148.0,,0.0,1913.0,1560.0,0.0,0.0,10410.0,800.0,83145.0,107258.0,0.0,0.0,432873.0,27,2
C1-S5-B1.3-R2,0.0,92.4,96.5,0.0,0.0,98.4,0.53505,0.11685999999999999,0.14834,0.09963999999999999,0.0,0.0,0.0,104.97,1176.36,11039.34,158.15,2390023.531,0.0,214.24,0.0,3.97,0.0,0.0,16883.1107,6937.65,0.0,0.0,0.0,88.67,22.95,6937.651,0.0,1221.5,74.73,0.0,0.0,0.0,5.78,0.0,0.0,0.0,0.0,0.0,8114.55253,3.0,1.0,0.1,,2.0,5,1530.0,1199.0,767.0,494.5,261.0,386.0,308.0,140.5,273.0,158.5,,0.0,1913.0,1560.0,0.0,0.0,10410.0,1180.0,83962.0,109847.0,0.0,0.0,439249.0,27,2
C1-S5-B1.3-R3,0.0,92.4,96.5,0.0,0.0,98.4,0.55245,0.11652,0.15049,0.10438,0.0,0.0,0.0,0.0,1192.7,12274.05,120.32,2024378.5380000002,0.52,0.0,0.0,0.0,0.0,1.98,24850.99166,7286.19,0.0,16.56,3.87,131.21,34.13,7286.186,0.0,1287.65,83.06,0.0,0.0,0.0,6.54,2.14,0.0,0.0,0.0,272.22,6890.82158,3.0,1.0,0.1,,3.0,5,1585.0,1168.0,1028.5,485.5,293.0,400.5,296.0,135.5,249.0,142.5,,0.0,1913.0,1560.0,0.0,0.0,10410.0,693.0,90099.0,107696.0,0.0,0.0,471032.0,27,2
C1-S6-B1.3-R1,0.0,87.6,96.5,0.0,0.0,98.4,0.08332,0.0,0.14009000000000002,0.06736,4.8335,2.7587200000000003,0.0,129.0,0.0,0.0,0.0,0.0,0.31,31.65,0.0,0.81,0.0,0.99,0.0,0.0,0.0,13.2,1.42,0.0,0.0,0.0,0.0,0.0,0.0,0.0,0.0,0.0,0.0,3.83,0.0,0.0,0.0,193.43,0.0,3.0,1.0,0.1,,1.0,6,814.5,191.0,357.0,238.0,124.5,84.5,112.5,85.5,102.5,84.0,,0.0,9103.0,1560.0,0.0,0.0,10410.0,2639.0,167575.0,50149.0,588.0,0.0,215241.0,27,2
C1-S6-B1.3-R2,0.0,87.6,96.5,0.0,0.0,98.4,0.07902,0.11195999999999999,0.0,0.06758,0.0,0.051410000000000004,0.0,80.89,0.0,0.0,0.0,0.0,0.0,31.04,0.0,0.59,0.0,0.0,0.0,0.0,0.0,0.0,0.0,0.0,0.0,0.0,0.0,0.0,0.0,0.0,0.0,0.0,0.0,0.0,0.0,0.0,0.0,0.0,0.0,3.0,1.0,0.1,,2.0,6,1504.5,350.5,718.0,554.0,273.0,206.5,268.0,149.0,202.0,190.5,,0.0,9103.0,1560.0,0.0,0.0,10410.0,1730.0,186630.0,53004.0,0.0,424.0,217714.0,27,2
C1-S6-B1.3-R3,0.0,87.6,96.5,0.0,0.0,98.4,0.0818,0.0,0.14,0.06727999999999999,0.24472,1.7146099999999997,18562.91422,0.0,1934.01,3858.02,675.44,3885318.1780000003,0.0,0.0,0.0,0.0,0.0,0.0,91580.819,3125.1,0.0,0.0,0.0,0.0,0.0,3125.1020000000003,0.0,490.89,26.77,0.0,0.0,0.0,0.0,0.0,0.0,0.0,0.0,0.0,23133.55377,3.0,1.0,0.1,,3.0,6,1608.5,407.0,1372.0,613.0,386.5,240.5,338.5,169.0,226.5,199.5,,0.0,9103.0,1560.0,0.0,0.0,10410.0,2830.0,213883.0,53533.0,881.0,0.0,247382.0,27,2
C1-S7-B1.3-R1,0.0,14.8,94.2,0.0,0.0,92.0,0.5331600000000001,0.11599000000000001,0.14665999999999998,0.10876,0.0,0.0,0.0,0.0,2655.35,6161.37,644.1,2883881.168,2.04,0.0,0.0,0.0,0.0,5.84,115697.2091,10809.71,0.0,26.06,1.44,55.25,0.0,10809.714,0.0,792.25,51.21,0.0,0.1,0.0,0.0,5.85,29.14,0.0,0.0,315.25,10442.61045,3.0,1.0,0.1,,1.0,7,3531.0,688.0,2403.0,628.0,450.0,290.5,330.0,153.5,333.5,149.5,,0.0,752.0,9876.0,0.0,0.0,1958.0,0.0,145026.0,103613.0,702.0,3274.0,99544.0,27,2
C1-S7-B1.3-R2,0.0,14.8,94.2,0.0,0.0,92.0,0.5746600000000001,0.11759000000000001,0.15002000000000001,0.11470999999999999,0.0,0.0,0.0,105.06,0.0,0.0,0.0,0.0,0.0,434.83,0.0,7.26,0.0,3.78,0.0,0.0,0.0,29.17,1.41,0.0,0.0,0.0,0.0,0.0,0.0,0.0,0.0,0.0,0.0,5.05,3.65,0.0,0.0,228.77,0.0,3.0,1.0,0.1,,2.0,7,3952.0,729.5,2307.0,630.5,468.0,320.0,329.5,153.0,368.0,154.0,,0.0,752.0,9876.0,0.0,0.0,1958.0,386.0,142235.0,101283.0,0.0,923.0,96436.0,27,2
C1-S7-B1.3-R3,0.0,14.8,94.2,0.0,0.0,92.0,0.5723699999999999,0.11355,0.1501,0.1147,0.0,0.0,0.0,23.24,3099.76,6923.32,408.97,2024838.7340000002,0.0,90.95,0.0,1.03,125.71,0.0,174298.0605,6603.83,0.0,0.0,0.0,822.28,41.13,6603.826999999999,0.0,656.91,57.12,0.0,0.0,81.89,10.17,0.0,0.0,0.0,0.0,0.0,14004.87088,3.0,1.0,0.1,,3.0,7,3521.5,711.0,2209.5,612.5,414.0,311.0,355.0,163.5,346.0,155.0,,0.0,752.0,9876.0,0.0,0.0,1958.0,406.0,136986.0,103892.0,249.0,0.0,105513.0,27,2
C1-S8-B1.3-R1,0.0,92.4,94.2,0.0,0.0,92.0,0.63372,0.11897,0.15289,0.12055999999999999,0.0,0.0,9080.2235,0.0,1514.18,3686.58,280.74,3128652.646,0.0,0.0,0.0,0.0,93.51,2.86,371876.953,167.9,0.0,30.16,1.11,284.42,0.0,167.9,0.0,582.61,42.97,0.0,0.0,75.52,6.03,5.72,3.51,0.0,0.0,213.82,24584.68781,3.0,1.0,0.1,,1.0,8,3457.5,716.5,2197.5,664.5,427.0,357.5,398.5,182.0,387.5,174.0,,0.0,1913.0,9876.0,0.0,0.0,1958.0,378.0,123104.0,105707.0,0.0,0.0,87508.0,27,2
C1-S8-B1.3-R2,0.0,92.4,94.2,0.0,0.0,92.0,0.61229,0.11946,0.15394000000000002,0.12125,0.0,0.0,10190.9268,23.35,3151.92,7495.84,707.93,3881504.4960000003,0.0,51.43,0.0,0.46,92.91,4.83,229548.9077,13075.84,0.0,11.85,1.26,1056.65,0.0,13075.841999999999,0.0,1184.44,74.19,0.0,0.0,53.01,4.5,1.61,46.48,0.0,0.0,467.79,33270.80341,3.0,1.0,0.1,,2.0,8,3658.0,717.0,2073.0,620.5,444.0,335.0,388.5,172.0,347.0,171.0,,0.0,1913.0,9876.0,0.0,0.0,1958.0,0.0,125883.0,107000.0,814.0,512.0,87744.0,27,2
C1-S8-B1.3-R3,0.0,92.4,94.2,0.0,0.0,92.0,0.59677,0.12036,0.15432,0.12278,0.0,0.0,0.0,51.46,0.0,0.0,0.0,0.0,0.0,127.55,0.0,2.55,0.0,1.26,0.0,0.0,0.0,4.37,1.79,0.0,0.0,0.0,0.0,0.0,0.0,0.0,0.0,0.0,0.0,4.51,1.46,0.0,0.0,234.29,0.0,3.0,1.0,0.1,,3.0,8,3771.0,772.5,2370.5,665.0,456.5,347.0,408.0,182.0,353.5,177.5,,0.0,1913.0,9876.0,0.0,0.0,1958.0,657.0,124508.0,104239.0,0.0,0.0,82715.0,27,2
C1-S10-B1.3-R1,0.0,14.8,94.2,0.0,0.0,98.4,0.63755,0.12372999999999999,0.15775999999999998,0.11825,0.0,0.0,0.0,11.26,0.0,0.0,0.0,0.0,0.0,49.91,0.0,0.44,0.0,0.0,0.0,0.0,0.0,0.0,0.0,0.0,0.0,0.0,0.0,0.0,0.0,0.0,0.0,0.0,0.0,0.0,0.0,0.0,0.0,0.0,0.0,3.0,1.0,0.1,,1.0,10,2411.0,1440.0,953.0,686.5,395.5,540.5,409.0,202.0,434.5,215.5,,0.0,752.0,9876.0,0.0,0.0,10410.0,0.0,106078.0,77657.0,644.0,736.0,499232.0,27,2
C1-S10-B1.3-R2,0.0,14.8,94.2,0.0,0.0,98.4,0.64773,0.12377,0.15797,0.12021,0.0,0.0,0.0,0.0,1446.22,12048.27,170.13,2254567.143,0.0,0.0,0.0,0.0,0.0,0.0,33442.17203,7026.62,0.0,0.0,0.0,90.0,0.0,7026.621999999999,0.0,1077.2,54.49,0.0,0.0,38.71,3.18,0.0,0.0,0.0,0.0,0.0,0.0,3.0,1.0,0.1,,2.0,10,2130.5,1312.5,814.0,566.5,320.5,369.5,330.0,151.0,335.5,179.0,,0.0,752.0,9876.0,0.0,0.0,10410.0,0.0,102990.0,74213.0,610.0,376.0,532764.0,27,2
C1-S10-B1.3-R3,0.0,14.8,94.2,0.0,0.0,98.4,0.65566,0.12485999999999998,0.15887,0.1187,0.0,0.0,0.0,0.0,1325.98,13576.92,126.36,2162474.481,0.65,0.0,0.0,0.0,80.21,3.01,42328.722669999996,288.31,0.0,39.1,0.58,185.33,0.0,288.308,0.0,1062.6,63.98,0.0,0.19,51.26,5.11,2.82,0.0,0.0,0.0,186.83,0.0,3.0,1.0,0.1,,3.0,10,1953.0,1176.0,1109.0,622.0,377.0,487.5,359.5,172.5,386.0,199.0,,0.0,752.0,9876.0,0.0,0.0,10410.0,0.0,100254.0,74197.0,0.0,0.0,503145.0,27,2
C1-S13-B1.3-R1,0.0,14.8,96.5,0.0,72.1,0.0,0.02808,0.11698,0.25190999999999997,0.08893999999999999,0.4687,0.11447,0.0,65.49,0.0,0.0,0.0,0.0,0.0,48.35,0.0,0.67,0.0,2.22,0.0,0.0,0.0,25.29,0.71,0.0,0.0,0.0,0.0,0.0,0.0,0.0,0.2,0.0,0.0,2.22,0.0,0.0,0.0,228.71,0.0,3.0,1.0,0.1,,1.0,13,4236.0,297.5,5293.0,1932.5,405.5,393.0,687.5,378.0,245.5,214.5,,0.0,752.0,1560.0,0.0,1913.0,0.0,887.0,198841.0,210505.0,0.0,12448.0,8602.0,27,1
C1-S13-B1.3-R2,0.0,14.8,96.5,0.0,72.1,0.0,0.02529,0.11784000000000001,0.24090999999999999,0.08677,0.35023000000000004,0.62842,0.0,45.61,0.0,0.0,0.0,0.0,0.0,54.41,0.0,0.87,0.0,0.0,0.0,0.0,0.0,0.0,0.0,0.0,0.0,0.0,0.0,0.0,0.0,0.0,0.0,0.0,0.0,0.0,0.0,0.0,0.0,0.0,0.0,3.0,1.0,0.1,,2.0,13,5428.5,301.0,5851.0,2756.5,513.5,435.5,875.0,610.0,278.5,238.0,,0.0,752.0,1560.0,0.0,1913.0,0.0,1376.0,196947.0,218624.0,0.0,12835.0,0.0,27,1
C1-S13-B1.3-R3,0.0,14.8,96.5,0.0,72.1,0.0,0.02469,0.11657000000000001,0.24054,0.08676,0.10492,0.0,0.0,0.0,2447.47,5166.52,424.09,3507476.5560000003,0.0,0.0,0.0,0.0,521.69,0.0,1373092.061,5365.63,0.0,0.0,0.0,2631.68,82.06,5365.626,0.0,593.9,54.58,10.53,0.0,217.5,15.63,0.0,0.0,191.87,0.0,0.0,54696.09472000001,3.0,1.0,0.1,,3.0,13,4946.0,235.0,5498.0,2428.5,438.0,343.0,742.0,457.5,223.5,202.5,,0.0,752.0,1560.0,0.0,1913.0,0.0,0.0,208068.0,216250.0,0.0,10366.0,0.0,27,1
C1-S16-B1.3-R1,0.0,92.4,94.2,0.0,72.1,0.0,0.021759999999999998,0.18348,0.35836,0.10237,0.0,0.0,0.0,0.0,3375.6,5664.78,441.62,2672506.636,0.0,0.0,0.0,0.0,157.29,4.89,663988.7769,8142.18,0.0,21.33,1.1,280.38,0.0,8142.178000000001,0.0,791.55,68.99,0.0,0.0,0.0,0.0,2.25,3.45,0.0,0.0,523.61,20132.37396,3.0,1.0,0.1,,1.0,16,5408.5,296.0,4732.0,4441.5,499.5,699.5,1511.5,1050.5,340.0,300.5,,0.0,1913.0,9876.0,0.0,1913.0,0.0,0.0,99672.0,98067.0,0.0,4053.0,0.0,27,1
C1-S16-B1.3-R2,0.0,92.4,94.2,0.0,72.1,0.0,0.021269999999999997,0.16995,0.33208000000000004,0.09614,0.0,0.0,0.0,52.31,2891.02,4589.78,486.07,2736554.575,0.0,74.76,0.0,1.05,954.08,3.4,949508.8944,7138.3,0.0,17.71,1.33,2220.07,43.7,7138.303000000001,0.0,901.83,61.08,0.0,0.0,64.74,7.51,3.83,6.28,36.09,0.0,464.78,48072.41116,3.0,1.0,0.1,,2.0,16,4957.5,283.0,4920.0,4342.0,433.5,723.5,1538.0,1181.5,317.0,298.0,,0.0,1913.0,9876.0,0.0,1913.0,0.0,0.0,94673.0,98633.0,452.0,3475.0,0.0,27,1
C1-S16-B1.3-R3,0.0,92.4,94.2,0.0,72.1,0.0,0.02242,0.17778,0.33791,0.08988,0.0,0.0,0.0,25.83,1299.95,4185.92,616.57,2283468.326,0.0,40.4,0.0,0.61,236.99,1.54,368493.6087,6532.19,0.0,11.11,0.84,2416.19,83.77,6532.187,0.0,622.46,35.63,10.37,0.0,87.46,22.29,4.67,8.28,53.79,0.0,499.82,29808.81148,3.0,1.0,0.1,,3.0,16,3705.0,218.5,3082.5,2668.5,329.0,372.5,1604.0,1080.5,219.0,213.5,,0.0,1913.0,9876.0,0.0,1913.0,0.0,527.0,93288.0,105837.0,0.0,9574.0,0.0,27,1
C1-S18-B1.3-R1,0.0,14.8,94.2,0.0,80.5,0.0,0.15592,0.46786000000000005,0.51648,0.2091,0.06326,0.0,0.0,22.48,886.31,1432.69,304.57,2783191.499,0.54,16.18,0.0,1.04,0.0,2.78,0.0,2132.43,0.0,12.87,1.58,9.77,0.0,2132.433,0.0,181.98,14.63,0.0,0.06,59.37,0.0,1.43,1.95,40.51,0.0,344.26,0.0,3.0,1.0,0.1,,1.0,18,20619.0,299.0,1766.5,4046.5,2932.5,208.5,1034.5,1126.0,1025.5,230.5,,0.0,752.0,9876.0,0.0,477311.0,0.0,1663.0,303399.0,91015.0,0.0,215377.0,400.0,27,1
C1-S18-B1.3-R2,0.0,14.8,94.2,0.0,80.5,0.0,0.15287,0.46045,0.51871,0.20593000000000003,0.12824000000000002,0.0,0.0,39.16,0.0,0.0,0.0,0.0,0.66,126.82,0.0,1.41,0.0,5.68,0.0,0.0,0.0,5.79,0.73,0.0,0.0,0.0,0.0,0.0,0.0,0.0,0.03,0.0,0.0,0.93,7.31,0.0,0.0,323.13,0.0,3.0,1.0,0.1,,2.0,18,20402.5,311.5,1843.0,4389.0,3055.0,208.0,1195.5,1381.0,1048.5,273.5,,0.0,752.0,9876.0,0.0,477311.0,0.0,814.0,290265.0,87990.0,0.0,203658.0,1671.0,27,1
C1-S18-B1.3-R3,0.0,14.8,94.2,0.0,80.5,0.0,0.15298,0.48861000000000004,0.53813,0.20647,0.04108,0.0,0.0,4.76,0.0,0.0,0.0,0.0,0.0,499.11,0.0,4.31,0.0,0.0,0.0,0.0,0.0,0.0,0.0,0.0,0.0,0.0,0.0,0.0,0.0,0.0,0.0,0.0,0.0,0.0,0.0,0.0,0.0,0.0,0.0,3.0,1.0,0.1,,3.0,18,19301.0,270.5,1791.0,3734.0,2856.5,176.5,1050.5,1232.0,992.5,256.5,,0.0,752.0,9876.0,0.0,477311.0,0.0,822.0,309202.0,88388.0,0.0,172397.0,0.0,27,1
C1-S21-B1.3-R1,41.1,14.8,96.5,21.6,0.0,0.0,0.05641,0.11256,0.14403,0.06917999999999999,0.0,0.0,0.0,0.0,1626.12,6094.55,534.89,1728841.094,0.0,0.0,0.0,0.0,4483.99,0.0,706519.0776,7407.18,0.0,0.0,0.0,3986.8,101.08,7407.178000000001,0.0,1010.45,69.06,9.96,0.0,134.21,16.18,0.0,0.0,79.93,0.0,0.0,39553.88589,3.0,1.0,0.1,,1.0,21,4713.0,361.5,6178.0,1370.5,501.0,481.5,825.0,304.0,262.5,219.0,,9491.0,752.0,1560.0,2208.0,0.0,0.0,146386.0,203935.0,236836.0,13405.0,1655.0,0.0,27,3
C1-S21-B1.3-R2,41.1,14.8,96.5,21.6,0.0,0.0,0.05002,0.0,0.14221,0.06914,0.0,0.0,6140.43964,0.0,2281.82,7571.16,520.04,3627736.835,0.0,0.0,0.0,0.0,235.12,1.2,1517461.3930000002,9450.75,0.0,6.57,2.02,528.85,40.33,9450.746,0.0,1216.28,74.98,0.0,0.0,38.91,4.82,3.62,3.16,17.99,0.0,143.74,134896.5625,3.0,1.0,0.1,,2.0,21,4383.0,350.0,5916.0,1257.5,447.5,466.0,860.5,302.0,241.0,205.5,,9491.0,752.0,1560.0,2208.0,0.0,0.0,145548.0,201775.0,262033.0,14472.0,0.0,0.0,27,3
C1-S21-B1.3-R3,41.1,14.8,96.5,21.6,0.0,0.0,0.05149,0.11273,0.14148,0.06888,0.0,0.0,0.0,4.09,0.0,0.0,0.0,0.0,0.0,28.47,0.0,0.44,0.0,1.74,0.0,0.0,0.0,8.03,2.46,0.0,0.0,0.0,0.0,0.0,0.0,0.0,0.0,0.0,0.0,12.03,0.0,0.0,0.0,174.17,0.0,3.0,1.0,0.1,,3.0,21,4382.0,316.5,5238.0,1398.5,474.5,428.0,776.5,283.0,246.5,184.0,,9491.0,752.0,1560.0,2208.0,0.0,0.0,153728.0,208120.0,255132.0,15854.0,942.0,2348.0,27,3
C1-S23-B1.3-R1,41.1,92.4,96.5,85.5,0.0,0.0,0.09816,0.11224,0.14045,0.07295,0.91356,2.3164700000000003,7582.173859999999,2.28,1218.02,7473.98,202.29,2938457.59,0.0,43.15,0.0,0.46,319.73,0.0,1288345.5359999998,6096.45,0.0,0.0,0.0,1165.56,36.06,6096.451,0.0,771.2,46.98,6.0,0.0,87.09,6.91,0.0,0.0,42.11,0.0,0.0,172160.9479,3.0,1.0,0.1,,1.0,23,6118.5,280.0,5173.5,1764.0,680.0,334.0,505.0,209.0,267.0,168.5,,9491.0,1913.0,1560.0,10915.0,0.0,0.0,169309.0,405930.0,230019.0,35029.0,0.0,0.0,27,3
C1-S23-B1.3-R2,41.1,92.4,96.5,85.5,0.0,0.0,0.11483,0.11182,0.14052,0.07227,0.78381,1.60619,0.0,0.0,0.0,0.0,0.0,0.0,0.0,0.0,0.0,0.0,0.0,1.38,0.0,0.0,0.0,10.03,1.99,0.0,0.0,0.0,0.0,0.0,0.0,0.0,0.0,0.0,0.0,3.72,0.0,0.0,0.0,177.63,0.0,3.0,1.0,0.1,,2.0,23,8421.5,345.5,5313.5,2562.5,1048.5,419.5,633.0,283.5,363.5,199.5,,9491.0,1913.0,1560.0,10915.0,0.0,0.0,168464.0,431874.0,230643.0,38909.0,1876.0,0.0,27,3
C1-S23-B1.3-R3,41.1,92.4,96.5,85.5,0.0,0.0,0.10282000000000001,0.11231,0.14134000000000002,0.07215,0.6615,1.0832,0.0,111.04,1195.34,6490.17,333.9,2110532.278,0.0,8.29,0.0,1.15,189.94,0.0,797577.5240000001,4974.95,0.0,0.0,0.0,835.5,32.99,4974.951,0.0,730.08,45.26,6.55,0.0,67.66,8.79,0.0,0.0,58.01,0.0,0.0,66926.13923,3.0,1.0,0.1,,3.0,23,8048.0,295.0,4407.0,2033.5,909.0,285.5,473.0,217.5,275.5,151.5,,9491.0,1913.0,1560.0,10915.0,0.0,0.0,156819.0,420505.0,229566.0,35462.0,1938.0,0.0,27,3
C1-S24-B1.3-R1,41.1,87.6,96.5,85.5,0.0,0.0,0.03961,0.0,0.13998,0.06731000000000001,1.47876,7.24022,42052.645469999996,0.0,938.69,4119.87,417.76,1153943.828,0.0,0.0,0.0,0.0,464.43,2.49,2824356.042,3378.3,0.0,9.41,3.4,1229.07,34.77,3378.295,0.0,525.77,30.33,6.16,0.0,101.17,7.44,2.25,2.13,69.84,9794.6465,208.16,503932.284,3.0,1.0,0.1,,1.0,24,5192.5,237.5,2721.5,1401.0,522.5,216.0,293.5,149.5,230.0,151.5,,9491.0,9103.0,1560.0,10915.0,0.0,0.0,199457.0,836569.0,264403.0,49490.0,0.0,0.0,27,3
C1-S24-B1.3-R2,41.1,87.6,96.5,85.5,0.0,0.0,0.03913,0.11187000000000001,0.0,0.06733,2.0903099999999997,10.29594,0.0,97.41,0.0,0.0,0.0,0.0,0.34,67.68,0.0,1.07,0.0,4.33,0.0,0.0,0.0,3.35,1.67,0.0,0.0,0.0,0.0,0.0,0.0,0.0,0.0,0.0,0.0,1.74,58.35,0.0,0.0,180.71,0.0,3.0,1.0,0.1,,2.0,24,7086.5,367.0,3623.5,1988.5,783.0,361.0,538.0,250.5,389.5,237.5,,9491.0,9103.0,1560.0,10915.0,0.0,0.0,200666.0,911111.0,267447.0,57310.0,617.0,2745.0,27,3
C1-S24-B1.3-R3,41.1,87.6,96.5,85.5,0.0,0.0,0.03932,0.0,0.0,0.06666,2.06639,10.07973,0.0,85.77,0.0,0.0,0.0,0.0,50.0,210.94,0.0,4.36,0.0,50.0,0.0,0.0,0.0,50.0,50.0,0.0,0.0,0.0,0.0,0.0,0.0,0.0,20.0,0.0,0.0,0.0,50.0,0.0,0.0,50.0,0.0,3.0,1.0,0.1,,3.0,24,6017.5,249.0,2995.5,1594.5,610.5,252.5,349.5,189.0,265.0,188.5,,9491.0,9103.0,1560.0,10915.0,0.0,0.0,207706.0,888582.0,280447.0,58137.0,3946.0,3365.0,27,3
C0-S9017-B1.3-R1,0.0,0.0,0.0,0.0,0.0,0.0,0.02395,0.6571100000000001,0.41943,0.304,0.0,0.0,0.0,0.0,2874.23,4808.86,0.0,4871529.527,0.0,0.0,0.0,0.0,113.88,0.0,26602.40742,9188.53,0.0,0.0,0.0,235.19,38.25,9188.529,0.0,1212.71,89.21,0.0,0.0,1.05,11.28,0.0,0.0,56.18,8604.103000000001,0.0,6843.292240000001,3.0,0.0,0.1,,1.0,9017,1997.0,323.5,1774.5,2498.0,1081.5,342.0,662.0,1457.0,529.0,3222.5,,0.0,0.0,0.0,0.0,0.0,0.0,777.0,22016.0,0.0,0.0,867923.0,0.0,27,0
C0-S9017-B1.3-R2,0.0,0.0,0.0,0.0,0.0,0.0,0.023530000000000002,0.66333,0.44691000000000003,0.31671,0.0,0.0,0.0,0.0,0.0,0.0,0.0,0.0,0.0,0.0,0.0,0.0,0.0,4.27,0.0,0.0,0.0,20.57,1.05,0.0,0.0,0.0,0.0,0.0,0.0,0.0,0.15,0.0,0.0,2.73,2.07,0.0,0.0,581.2,0.0,3.0,0.0,0.1,,2.0,9017,2072.0,310.5,1722.5,2713.5,1063.0,344.0,715.5,1517.5,433.0,2536.5,,0.0,0.0,0.0,0.0,0.0,0.0,1219.0,23955.0,0.0,0.0,849827.0,0.0,27,0
C0-S9017-B1.3-R3,0.0,0.0,0.0,0.0,0.0,0.0,0.02368,0.65078,0.43311000000000005,0.31548000000000004,0.0,0.0,0.0,76.2,0.0,0.0,0.0,0.0,0.0,390.01,0.0,3.04,0.0,0.0,0.0,0.0,0.0,0.0,0.0,0.0,0.0,0.0,0.0,0.0,0.0,0.0,0.0,0.0,0.0,0.0,0.0,0.0,0.0,0.0,0.0,3.0,0.0,0.1,,3.0,9017,1436.0,232.0,1626.5,1696.5,701.5,230.0,481.0,904.5,331.5,1786.0,,0.0,0.0,0.0,0.0,0.0,0.0,692.0,23428.0,0.0,0.0,826175.0,0.0,27,0
C1-S11-B2.3-R1,0.0,92.4,94.2,0.0,0.0,98.4,0.63266,0.03313,0.050710000000000005,0.044610000000000004,0.0,0.0,,,,,,,,,,,,,,,,,,,,,,,,,,,,,,,,,,4.0,1.0,0.1,,1.0,11,,,,,,,,,,,5.704269999999999,0.0,1913.0,9876.0,0.0,0.0,10410.0,1535.0,135925.0,81518.0,475.0,6237.0,543544.0,27,2
C1-S11-B2.3-R2,0.0,92.4,94.2,0.0,0.0,98.4,0.61611,0.032189999999999996,0.05259,0.04417,0.0,0.36543000000000003,,,,,,,,,,,,,,,,,,,,,,,,,,,,,,,,,,4.0,1.0,0.1,,2.0,11,,,,,,,,,,,5.90551,0.0,1913.0,9876.0,0.0,0.0,10410.0,2090.0,137966.0,80815.0,538.0,0.0,516922.0,27,2
C1-S11-B2.3-R3,0.0,92.4,94.2,0.0,0.0,98.4,0.66785,0.030239999999999996,0.05256,0.04725,0.0,0.15244000000000002,,,,,,,,,,,,,,,,,,,,,,,,,,,,,,,,,,4.0,1.0,0.1,,3.0,11,,,,,,,,,,,5.72601,0.0,1913.0,9876.0,0.0,0.0,10410.0,3012.0,135445.0,83388.0,1831.0,6175.0,530792.0,27,2
C1-S32-B2.3-R1,0.0,14.8,96.5,0.0,80.5,0.0,0.15548,0.13168,0.17328,0.10636,0.0,0.0,,,,,,,,,,,,,,,,,,,,,,,,,,,,,,,,,,4.0,1.0,0.1,,1.0,32,,,,,,,,,,,2.62613,0.0,752.0,1560.0,0.0,477311.0,0.0,5013.0,411963.0,226535.0,2473.0,411909.0,5047.0,27,1
C1-S32-B2.3-R2,0.0,14.8,96.5,0.0,80.5,0.0,0.15131,0.13126,0.17495,0.1058,0.36039,4.96159,,,,,,,,,,,,,,,,,,,,,,,,,,,,,,,,,,4.0,1.0,0.1,,2.0,32,,,,,,,,,,,2.54103,0.0,752.0,1560.0,0.0,477311.0,0.0,4111.0,411337.0,234689.0,0.0,417881.0,2030.0,27,1
C1-S32-B2.3-R3,0.0,14.8,96.5,0.0,80.5,0.0,0.13764,0.12044,0.16247,0.09913,0.11247,1.40442,,,,,,,,,,,,,,,,,,,,,,,,,,,,,,,,,,4.0,1.0,0.1,,3.0,32,,,,,,,,,,,2.43846,0.0,752.0,1560.0,0.0,477311.0,0.0,4796.0,421784.0,236430.0,0.0,417006.0,468.0,27,1
C0-S9017-B2.3-R1,0.0,0.0,0.0,0.0,0.0,0.0,0.0,0.75034,0.37240999999999996,0.3404,0.0,0.0,,,,,,,,,,,,,,,,,,,,,,,,,,,,,,,,,,4.0,0.0,0.1,,1.0,9017,,,,,,,,,,,5.58517,0.0,0.0,0.0,0.0,0.0,0.0,1915.0,41253.0,547.0,1828.0,1264025.0,1056.0,27,0
C0-S9017-B2.3-R2,0.0,0.0,0.0,0.0,0.0,0.0,0.0,0.71846,0.34175,0.33023,0.0,0.0,,,,,,,,,,,,,,,,,,,,,,,,,,,,,,,,,,4.0,0.0,0.1,,2.0,9017,,,,,,,,,,,4.6037099999999995,0.0,0.0,0.0,0.0,0.0,0.0,2339.0,43644.0,14880.0,2583.0,1151913.0,1260.0,27,0
C0-S9017-B2.3-R3,0.0,0.0,0.0,0.0,0.0,0.0,0.0,0.6655300000000001,0.31377,0.32124,0.0,0.0,,,,,,,,,,,,,,,,,,,,,,,,,,,,,,,,,,4.0,0.0,0.1,,3.0,9017,,,,,,,,,,,5.05635,0.0,0.0,0.0,0.0,0.0,0.0,1978.0,44733.0,0.0,1676.0,1370618.0,0.0,27,0
C2-S10-B2.3-R1,0.0,92.4,94.2,0.0,0.0,98.4,0.2839,0.02503,0.04509,0.01745,0.0,1.65871,,,,,,,,,,,,,,,,,,,,,,,,,,,,,,,,,,4.0,2.0,0.1,,1.0,10,,,,,,,,,,,4.85567,0.0,1913.0,9876.0,0.0,0.0,10410.0,1241.0,97378.0,83055.0,1317.0,1789.0,451135.0,27,2
C2-S10-B2.3-R2,0.0,92.4,94.2,0.0,0.0,98.4,0.30080999999999997,0.0242,0.044660000000000005,0.01623,0.0,1.36341,,,,,,,,,,,,,,,,,,,,,,,,,,,,,,,,,,4.0,2.0,0.1,,2.0,10,,,,,,,,,,,5.08775,0.0,1913.0,9876.0,0.0,0.0,10410.0,2666.0,98642.0,81822.0,2582.0,936.0,444221.0,27,2
C2-S10-B2.3-R3,0.0,92.4,94.2,0.0,0.0,98.4,0.28445,0.024130000000000002,0.04475,0.01627,0.0,1.91575,,,,,,,,,,,,,,,,,,,,,,,,,,,,,,,,,,4.0,2.0,0.1,,3.0,10,,,,,,,,,,,4.5136,0.0,1913.0,9876.0,0.0,0.0,10410.0,832.0,95122.0,88422.0,1221.0,655.0,448846.0,27,2
C2-S11-B2.3-R1,0.0,92.4,94.2,0.0,0.0,92.0,0.2757,0.02377,0.042710000000000005,0.015380000000000001,3.20814,2.80302,,,,,,,,,,,,,,,,,,,,,,,,,,,,,,,,,,4.0,2.0,0.1,,1.0,11,,,,,,,,,,,3.4381199999999996,0.0,1913.0,9876.0,0.0,0.0,1958.0,0.0,174649.0,162636.0,1668.0,0.0,123592.0,27,2
C2-S11-B2.3-R2,0.0,92.4,94.2,0.0,0.0,92.0,0.33594,0.02479,0.04401,0.02172,0.0,0.0,,,,,,,,,,,,,,,,,,,,,,,,,,,,,,,,,,4.0,2.0,0.1,,2.0,11,,,,,,,,,,,3.7302199999999996,0.0,1913.0,9876.0,0.0,0.0,1958.0,492.0,154436.0,183474.0,1337.0,0.0,116441.0,27,2
C2-S11-B2.3-R3,0.0,92.4,94.2,0.0,0.0,92.0,0.35072,0.025710000000000004,0.04395,0.01984,0.0,0.0,,,,,,,,,,,,,,,,,,,,,,,,,,,,,,,,,,4.0,2.0,0.1,,3.0,11,,,,,,,,,,,3.72148,0.0,1913.0,9876.0,0.0,0.0,1958.0,350.0,154485.0,178113.0,1434.0,894.0,108800.0,27,2
C2-S15-B2.3-R1,0.0,21.7,96.5,0.0,80.5,0.0,0.04874,0.08111,0.09171,0.06554,0.0,4.70355,,,,,,,,,,,,,,,,,,,,,,,,,,,,,,,,,,4.0,2.0,0.1,,1.0,15,,,,,,,,,,,3.29375,0.0,363.0,1560.0,0.0,477311.0,0.0,5622.0,113120.0,137849.0,803.0,143854.0,4666.0,27,1
C2-S15-B2.3-R2,0.0,21.7,96.5,0.0,80.5,0.0,0.05014,0.08146,0.0967,0.07091,0.0,4.67251,,,,,,,,,,,,,,,,,,,,,,,,,,,,,,,,,,4.0,2.0,0.1,,2.0,15,,,,,,,,,,,3.21087,0.0,363.0,1560.0,0.0,477311.0,0.0,7013.0,112906.0,141282.0,1960.0,140824.0,3598.0,27,1
C2-S15-B2.3-R3,0.0,21.7,96.5,0.0,80.5,0.0,0.044719999999999996,0.07332000000000001,0.09461,0.06256,0.0,4.95507,,,,,,,,,,,,,,,,,,,,,,,,,,,,,,,,,,4.0,2.0,0.1,,3.0,15,,,,,,,,,,,2.7833200000000002,0.0,363.0,1560.0,0.0,477311.0,0.0,6996.0,109250.0,145986.0,1080.0,146146.0,2006.0,27,1
C2-S16-B2.3-R1,0.0,17.3,96.5,0.0,80.5,0.0,0.00735,0.05042,0.06824,0.03462,0.0,6.562060000000001,,,,,,,,,,,,,,,,,,,,,,,,,,,,,,,,,,4.0,2.0,0.1,,1.0,16,,,,,,,,,,,1.94346,0.0,393.0,1560.0,0.0,477311.0,0.0,5982.0,53887.0,128698.0,1914.0,145263.0,972.0,27,1
C2-S16-B2.3-R2,0.0,17.3,96.5,0.0,80.5,0.0,0.0038399999999999997,0.06946000000000001,0.06516,0.033780000000000004,0.0,6.85469,,,,,,,,,,,,,,,,,,,,,,,,,,,,,,,,,,4.0,2.0,0.1,,2.0,16,,,,,,,,,,,1.88103,0.0,393.0,1560.0,0.0,477311.0,0.0,6076.0,50384.0,117775.0,2825.0,135221.0,2806.0,27,1
C2-S16-B2.3-R3,0.0,17.3,96.5,0.0,80.5,0.0,0.005379999999999999,0.055929999999999994,0.07146,0.05256,0.38024,4.97182,,,,,,,,,,,,,,,,,,,,,,,,,,,,,,,,,,4.0,2.0,0.1,,3.0,16,,,,,,,,,,,2.18613,0.0,393.0,1560.0,0.0,477311.0,0.0,6608.0,57026.0,124320.0,1386.0,132103.0,1219.0,27,1
C2-S17-B2.3-R1,0.0,54.7,96.5,0.0,80.5,0.0,0.00041,0.09912,0.07567,0.03889,0.0,4.08329,,,,,,,,,,,,,,,,,,,,,,,,,,,,,,,,,,4.0,2.0,0.1,,1.0,17,,,,,,,,,,,1.98174,0.0,443.0,1560.0,0.0,477311.0,0.0,7410.0,33553.0,129741.0,2766.0,160903.0,2752.0,27,1
C2-S17-B2.3-R2,0.0,54.7,96.5,0.0,80.5,0.0,0.0,0.05677000000000001,0.07725,0.040310000000000006,0.0,4.2977,,,,,,,,,,,,,,,,,,,,,,,,,,,,,,,,,,4.0,2.0,0.1,,2.0,17,,,,,,,,,,,1.9155900000000001,0.0,443.0,1560.0,0.0,477311.0,0.0,7846.0,39194.0,145453.0,3252.0,186287.0,315.0,27,1
C2-S17-B2.3-R3,0.0,54.7,96.5,0.0,80.5,0.0,0.0,0.05201,0.07307999999999999,0.032889999999999996,0.39555,5.0370099999999995,,,,,,,,,,,,,,,,,,,,,,,,,,,,,,,,,,4.0,2.0,0.1,,3.0,17,,,,,,,,,,,1.76489,0.0,443.0,1560.0,0.0,477311.0,0.0,7846.0,40577.0,148249.0,2473.0,163056.0,446.0,27,1
C2-S19-B2.3-R1,0.0,15.4,96.5,0.0,80.5,0.0,0.0,0.0383,0.05479,0.01004,0.41071,7.265610000000001,,,,,,,,,,,,,,,,,,,,,,,,,,,,,,,,,,4.0,2.0,0.1,,1.0,19,,,,,,,,,,,2.1459900000000003,0.0,1.0,1560.0,0.0,477311.0,0.0,7300.0,3380.0,114318.0,651.0,140726.0,1209.0,27,1
C2-S19-B2.3-R2,0.0,15.4,96.5,0.0,80.5,0.0,0.0,0.054360000000000006,0.052410000000000005,0.010459999999999999,0.45997,7.8113600000000005,,,,,,,,,,,,,,,,,,,,,,,,,,,,,,,,,,4.0,2.0,0.1,,2.0,19,,,,,,,,,,,1.8801,0.0,1.0,1560.0,0.0,477311.0,0.0,6225.0,2592.0,112921.0,2163.0,131983.0,0.0,27,1
C2-S19-B2.3-R3,0.0,15.4,96.5,0.0,80.5,0.0,0.0,0.03415,0.05316,0.01061,0.0,6.01211,,,,,,,,,,,,,,,,,,,,,,,,,,,,,,,,,,4.0,2.0,0.1,,3.0,19,,,,,,,,,,,2.88942,0.0,1.0,1560.0,0.0,477311.0,0.0,6533.0,2532.0,112486.0,0.0,126356.0,1872.0,27,1
C2-S20-B2.3-R1,0.0,14.8,96.5,0.0,80.5,0.0,0.07021000000000001,0.06538,0.10253,0.04652,1.2794299999999998,10.88367,,,,,,,,,,,,,,,,,,,,,,,,,,,,,,,,,,4.0,2.0,0.1,,1.0,20,,,,,,,,,,,1.49918,0.0,752.0,1560.0,0.0,477311.0,0.0,4434.0,677233.0,261506.0,2060.0,389797.0,3005.0,27,1
C2-S20-B2.3-R2,0.0,14.8,96.5,0.0,80.5,0.0,0.06135,0.06137000000000001,0.09761,0.04268,1.32827,11.62085,,,,,,,,,,,,,,,,,,,,,,,,,,,,,,,,,,4.0,2.0,0.1,,2.0,20,,,,,,,,,,,1.41464,0.0,752.0,1560.0,0.0,477311.0,0.0,5355.0,689653.0,262631.0,2144.0,371748.0,2230.0,27,1
C2-S20-B2.3-R3,0.0,14.8,96.5,0.0,80.5,0.0,0.06716,0.06293,0.10145,0.044789999999999996,1.36982,11.22546,,,,,,,,,,,,,,,,,,,,,,,,,,,,,,,,,,4.0,2.0,0.1,,3.0,20,,,,,,,,,,,1.45979,0.0,752.0,1560.0,0.0,477311.0,0.0,4287.0,660478.0,269566.0,4529.0,371240.0,312.0,27,1
C2-S21-B2.3-R1,0.0,21.7,96.5,0.0,80.5,0.0,0.01319,0.05803,0.08232,0.024730000000000002,0.0,0.0,,,,,,,,,,,,,,,,,,,,,,,,,,,,,,,,,,4.0,2.0,0.1,,1.0,21,,,,,,,,,,,6.88845,0.0,363.0,1560.0,0.0,477311.0,0.0,2324.0,47889.0,59855.0,3673.0,28448.0,435.0,27,1
C2-S21-B2.3-R2,0.0,21.7,96.5,0.0,80.5,0.0,0.01294,0.054939999999999996,0.08242000000000001,0.026680000000000002,0.0,0.0,,,,,,,,,,,,,,,,,,,,,,,,,,,,,,,,,,4.0,2.0,0.1,,2.0,21,,,,,,,,,,,9.86328,0.0,363.0,1560.0,0.0,477311.0,0.0,435.0,41662.0,49064.0,3520.0,24336.0,657.0,27,1
C2-S21-B2.3-R3,0.0,21.7,96.5,0.0,80.5,0.0,0.01236,0.058379999999999994,0.08387,0.026369999999999998,0.0,0.0,,,,,,,,,,,,,,,,,,,,,,,,,,,,,,,,,,4.0,2.0,0.1,,3.0,21,,,,,,,,,,,8.92884,0.0,363.0,1560.0,0.0,477311.0,0.0,1178.0,49461.0,64696.0,4597.0,28093.0,828.0,27,1
C2-S22-B2.3-R1,0.0,54.7,96.5,0.0,80.5,0.0,0.0,0.0332,0.05074,0.01029,0.0,3.7366099999999998,,,,,,,,,,,,,,,,,,,,,,,,,,,,,,,,,,4.0,2.0,0.1,,1.0,22,,,,,,,,,,,4.1167,0.0,443.0,1560.0,0.0,477311.0,0.0,625.0,11739.0,45913.0,3377.0,48094.0,408.0,27,1
C2-S22-B2.3-R2,0.0,54.7,96.5,0.0,80.5,0.0,0.0,0.02868,0.0493,0.00999,0.0,3.74135,,,,,,,,,,,,,,,,,,,,,,,,,,,,,,,,,,4.0,2.0,0.1,,2.0,22,,,,,,,,,,,3.9801300000000004,0.0,443.0,1560.0,0.0,477311.0,0.0,3280.0,10798.0,45441.0,1605.0,50924.0,0.0,27,1
C2-S22-B2.3-R3,0.0,54.7,96.5,0.0,80.5,0.0,0.0,0.031639999999999995,0.0495,0.00937,0.0,3.3537199999999996,,,,,,,,,,,,,,,,,,,,,,,,,,,,,,,,,,4.0,2.0,0.1,,3.0,22,,,,,,,,,,,4.4179,0.0,443.0,1560.0,0.0,477311.0,0.0,2045.0,11314.0,43247.0,0.0,36895.0,1378.0,27,1
C2-S23-B2.3-R1,0.0,13.3,96.5,0.0,80.5,0.0,0.0,0.032139999999999995,0.05032,0.0063,0.0,0.0,,,,,,,,,,,,,,,,,,,,,,,,,,,,,,,,,,4.0,2.0,0.1,,1.0,23,,,,,,,,,,,10.69051,0.0,153.0,1560.0,0.0,477311.0,0.0,548.0,1962.0,50771.0,1835.0,34034.0,435.0,27,1
C2-S23-B2.3-R2,0.0,13.3,96.5,0.0,80.5,0.0,0.0,0.03506,0.052489999999999995,0.00674,0.0,0.0,,,,,,,,,,,,,,,,,,,,,,,,,,,,,,,,,,4.0,2.0,0.1,,2.0,23,,,,,,,,,,,10.6658,0.0,153.0,1560.0,0.0,477311.0,0.0,996.0,906.0,48390.0,3608.0,32743.0,0.0,27,1
C2-S23-B2.3-R3,0.0,13.3,96.5,0.0,80.5,0.0,0.0,0.03392,0.05432000000000001,0.00688,0.0,0.0,,,,,,,,,,,,,,,,,,,,,,,,,,,,,,,,,,4.0,2.0,0.1,,3.0,23,,,,,,,,,,,10.04556,0.0,153.0,1560.0,0.0,477311.0,0.0,1888.0,1785.0,53796.0,2530.0,34253.0,1682.0,27,1
C2-S5-B2.3-R1,0.0,92.4,80.5,0.0,0.0,98.4,0.27216999999999997,0.024880000000000003,0.0438,0.01356,0.0,0.47853999999999997,,,,,,,,,,,,,,,,,,,,,,,,,,,,,,,,,,4.0,2.0,0.1,,1.0,5,,,,,,,,,,,2.62929,0.0,1913.0,144835.0,0.0,0.0,10410.0,3819.0,82467.0,157963.0,0.0,1052.0,463422.0,27,2
C2-S5-B2.3-R2,0.0,92.4,80.5,0.0,0.0,98.4,0.31103000000000003,0.02352,0.044219999999999995,0.01575,0.0,6.14123,,,,,,,,,,,,,,,,,,,,,,,,,,,,,,,,,,4.0,2.0,0.1,,2.0,5,,,,,,,,,,,2.77998,0.0,1913.0,144835.0,0.0,0.0,10410.0,5006.0,85676.0,169402.0,0.0,3470.0,498307.0,27,2
C2-S5-B2.3-R3,0.0,92.4,80.5,0.0,0.0,98.4,0.3857,0.0237,0.043930000000000004,0.01736,0.0,5.54282,,,,,,,,,,,,,,,,,,,,,,,,,,,,,,,,,,4.0,2.0,0.1,,3.0,5,,,,,,,,,,,2.91878,0.0,1913.0,144835.0,0.0,0.0,10410.0,3696.0,92348.0,174537.0,2607.0,3313.0,525089.0,27,2
C2-S7-B2.3-R1,0.0,92.4,97.1,0.0,0.0,98.4,0.64656,0.0283,0.0526,0.04559,0.0,3.4493,,,,,,,,,,,,,,,,,,,,,,,,,,,,,,,,,,4.0,2.0,0.1,,1.0,7,,,,,,,,,,,3.8443,0.0,1913.0,12424.0,0.0,0.0,10410.0,1775.0,153996.0,126561.0,873.0,4193.0,680036.0,27,2
C2-S7-B2.3-R2,0.0,92.4,97.1,0.0,0.0,98.4,0.73397,0.030430000000000002,0.05396,0.05415,0.0,1.38056,,,,,,,,,,,,,,,,,,,,,,,,,,,,,,,,,,4.0,2.0,0.1,,2.0,7,,,,,,,,,,,4.74326,0.0,1913.0,12424.0,0.0,0.0,10410.0,1954.0,156265.0,134496.0,913.0,3757.0,762785.0,27,2
C2-S7-B2.3-R3,0.0,92.4,97.1,0.0,0.0,98.4,0.8033100000000001,0.02982,0.05512,0.05732999999999999,0.0,1.48187,,,,,,,,,,,,,,,,,,,,,,,,,,,,,,,,,,4.0,2.0,0.1,,3.0,7,,,,,,,,,,,4.59814,0.0,1913.0,12424.0,0.0,0.0,10410.0,2749.0,159436.0,129435.0,0.0,0.0,748479.0,27,2
C2-S8-B2.3-R1,0.0,92.4,95.3,0.0,0.0,98.4,0.10365999999999999,0.022969999999999997,0.0,0.0036299999999999995,0.8195399999999999,10.63729,,,,,,,,,,,,,,,,,,,,,,,,,,,,,,,,,,4.0,2.0,0.1,,1.0,8,,,,,,,,,,,1.9219,0.0,1913.0,38699.0,0.0,0.0,10410.0,4451.0,59017.0,159594.0,3173.0,3755.0,374118.0,27,2
C2-S8-B2.3-R2,0.0,92.4,95.3,0.0,0.0,98.4,0.10105,0.02299,0.04195,0.00325,0.8886200000000001,10.44881,,,,,,,,,,,,,,,,,,,,,,,,,,,,,,,,,,4.0,2.0,0.1,,2.0,8,,,,,,,,,,,2.01314,0.0,1913.0,38699.0,0.0,0.0,10410.0,4519.0,55927.0,158787.0,0.0,537.0,354072.0,27,2
C2-S8-B2.3-R3,0.0,92.4,95.3,0.0,0.0,98.4,0.10253,0.02277,0.0,0.00434,0.86693,9.890239999999999,,,,,,,,,,,,,,,,,,,,,,,,,,,,,,,,,,4.0,2.0,0.1,,3.0,8,,,,,,,,,,,2.1855700000000002,0.0,1913.0,38699.0,0.0,0.0,10410.0,4199.0,54802.0,149067.0,4400.0,598.0,326229.0,27,2
C2-S1-B2.4-R1,0.0,92.4,100.0,0.0,0.0,98.4,0.33696,0.07229,0.08122,0.027410000000000004,0.80379,1.45424,,,,,,,,,,,,,,,,,,,,,,,,,,,,,,,,,,5.0,2.0,0.1,,1.0,1,,,,,,,,,,,4.37367,0.0,1913.0,12000.0,0.0,0.0,10410.0,1935.0,217353.0,175485.0,0.0,10196.0,1518587.0,27,2
C2-S1-B2.4-R2,0.0,92.4,100.0,0.0,0.0,98.4,0.35211,0.07328,0.0,0.029589999999999998,1.08644,1.3975,,,,,,,,,,,,,,,,,,,,,,,,,,,,,,,,,,5.0,2.0,0.1,,2.0,1,,,,,,,,,,,4.3903,0.0,1913.0,12000.0,0.0,0.0,10410.0,1407.0,231424.0,194337.0,0.0,1896.0,1546227.0,27,2
C2-S1-B2.4-R3,0.0,92.4,100.0,0.0,0.0,98.4,0.37076,0.07393999999999999,0.0,0.027389999999999998,1.00452,0.8320299999999999,,,,,,,,,,,,,,,,,,,,,,,,,,,,,,,,,,5.0,2.0,0.1,,3.0,1,,,,,,,,,,,4.63974,0.0,1913.0,12000.0,0.0,0.0,10410.0,2469.0,235110.0,189740.0,0.0,528.0,1528867.0,27,2
C2-S2-B2.4-R1,0.0,92.4,92.8,0.0,0.0,98.4,0.0,0.09022999999999999,0.08115,0.0216,1.9252599999999997,4.15227,,,,,,,,,,,,,,,,,,,,,,,,,,,,,,,,,,5.0,2.0,0.1,,1.0,2,,,,,,,,,,,3.77165,0.0,1913.0,17948.0,0.0,0.0,10410.0,1970.0,285965.0,22397.0,0.0,5618.0,1629038.0,27,2
C2-S2-B2.4-R2,0.0,92.4,92.8,0.0,0.0,98.4,0.0,0.08794,0.08138,0.02139,2.10107,4.343459999999999,,,,,,,,,,,,,,,,,,,,,,,,,,,,,,,,,,5.0,2.0,0.1,,2.0,2,,,,,,,,,,,3.65749,0.0,1913.0,17948.0,0.0,0.0,10410.0,2230.0,294208.0,25199.0,887.0,18468.0,1690829.0,27,2
C2-S2-B2.4-R3,0.0,92.4,92.8,0.0,0.0,98.4,0.0,0.0906,0.08363999999999999,0.02255,2.13015,4.48272,,,,,,,,,,,,,,,,,,,,,,,,,,,,,,,,,,5.0,2.0,0.1,,3.0,2,,,,,,,,,,,3.79575,0.0,1913.0,17948.0,0.0,0.0,10410.0,1964.0,296409.0,17736.0,1135.0,5642.0,1809021.0,27,2
C2-S4-B2.4-R1,0.0,92.4,80.5,0.0,0.0,98.4,0.24434,0.07575,0.0,0.02561,1.5607,3.21502,,,,,,,,,,,,,,,,,,,,,,,,,,,,,,,,,,5.0,2.0,0.1,,1.0,4,,,,,,,,,,,3.8886199999999995,0.0,1913.0,208127.0,0.0,0.0,10410.0,2000.0,247382.0,280000.0,0.0,15026.0,1545610.0,27,2
C2-S4-B2.4-R2,0.0,92.4,80.5,0.0,0.0,98.4,0.25845999999999997,0.07463,0.0,0.02766,1.51547,2.80612,,,,,,,,,,,,,,,,,,,,,,,,,,,,,,,,,,5.0,2.0,0.1,,2.0,4,,,,,,,,,,,3.9652199999999995,0.0,1913.0,208127.0,0.0,0.0,10410.0,1701.0,236865.0,272740.0,2353.0,10681.0,1552524.0,27,2
C2-S4-B2.4-R3,0.0,92.4,80.5,0.0,0.0,98.4,0.27516,0.07606,0.0,0.02661,1.29715,1.5991,,,,,,,,,,,,,,,,,,,,,,,,,,,,,,,,,,5.0,2.0,0.1,,3.0,4,,,,,,,,,,,4.3548,0.0,1913.0,208127.0,0.0,0.0,10410.0,1849.0,251422.0,303288.0,0.0,0.0,1597909.0,27,2
C1-S11-B2.4-R1,0.0,92.4,94.2,0.0,0.0,98.4,0.68394,0.07217,0.0835,0.04607,0.0,0.0,,,,,,,,,,,,,,,,,,,,,,,,,,,,,,,,,,5.0,1.0,0.1,,1.0,11,,,,,,,,,,,4.60686,0.0,1913.0,9876.0,0.0,0.0,10410.0,1184.0,217404.0,105854.0,0.0,6728.0,937286.0,27,2
C1-S11-B2.4-R2,0.0,92.4,94.2,0.0,0.0,98.4,0.6981,0.07187,0.0,0.04508,0.0,0.0,,,,,,,,,,,,,,,,,,,,,,,,,,,,,,,,,,5.0,1.0,0.1,,2.0,11,,,,,,,,,,,4.86321,0.0,1913.0,9876.0,0.0,0.0,10410.0,2373.0,219170.0,116151.0,0.0,27669.0,944820.0,27,2
C1-S11-B2.4-R3,0.0,92.4,94.2,0.0,0.0,98.4,0.6788,0.07124,0.08357,0.044430000000000004,0.0,0.0,,,,,,,,,,,,,,,,,,,,,,,,,,,,,,,,,,5.0,1.0,0.1,,3.0,11,,,,,,,,,,,4.8379900000000005,0.0,1913.0,9876.0,0.0,0.0,10410.0,2177.0,211659.0,117200.0,632.0,26890.0,878773.0,27,2
C2-S11-B2.4-R1,0.0,92.4,94.2,0.0,0.0,92.0,0.16912,0.0,0.08137,0.02279,1.16211,13.79359,,,,,,,,,,,,,,,,,,,,,,,,,,,,,,,,,,5.0,2.0,0.1,,1.0,11,,,,,,,,,,,1.60105,0.0,1913.0,9876.0,0.0,0.0,1958.0,4359.0,269720.0,250711.0,1224.0,47683.0,1489403.0,27,2
C2-S11-B2.4-R2,0.0,92.4,94.2,0.0,0.0,92.0,0.17382999999999998,0.06896000000000001,0.0,0.0242,1.26488,13.132539999999999,,,,,,,,,,,,,,,,,,,,,,,,,,,,,,,,,,5.0,2.0,0.1,,2.0,11,,,,,,,,,,,1.6449599999999998,0.0,1913.0,9876.0,0.0,0.0,1958.0,2978.0,246862.0,228708.0,0.0,626.0,1395259.0,27,2
C2-S11-B2.4-R3,0.0,92.4,94.2,0.0,0.0,92.0,0.20521999999999999,0.06904,0.08102000000000001,0.02441,1.23885,12.2638,,,,,,,,,,,,,,,,,,,,,,,,,,,,,,,,,,5.0,2.0,0.1,,3.0,11,,,,,,,,,,,1.8090099999999998,0.0,1913.0,9876.0,0.0,0.0,1958.0,2836.0,229763.0,213330.0,0.0,1403.0,1268031.0,27,2
C2-S14-B2.4-R1,0.0,92.4,94.2,0.0,0.0,92.0,0.6796300000000001,0.0,0.0,0.04432,0.0,0.0,,,,,,,,,,,,,,,,,,,,,,,,,,,,,,,,,,5.0,2.0,0.1,,1.0,14,,,,,,,,,,,4.80548,0.0,1913.0,9876.0,0.0,0.0,1958.0,1575.0,234896.0,159139.0,0.0,0.0,199425.0,27,2
C2-S14-B2.4-R2,0.0,92.4,94.2,0.0,0.0,92.0,0.6574300000000001,0.0,0.0,0.04219,0.0,0.0,,,,,,,,,,,,,,,,,,,,,,,,,,,,,,,,,,5.0,2.0,0.1,,2.0,14,,,,,,,,,,,5.0934099999999995,0.0,1913.0,9876.0,0.0,0.0,1958.0,1353.0,201418.0,156355.0,0.0,38410.0,207290.0,27,2
C2-S14-B2.4-R3,0.0,92.4,94.2,0.0,0.0,92.0,0.63307,0.06882,0.0,0.04467,0.0,0.0,,,,,,,,,,,,,,,,,,,,,,,,,,,,,,,,,,5.0,2.0,0.1,,3.0,14,,,,,,,,,,,5.0282,0.0,1913.0,9876.0,0.0,0.0,1958.0,866.0,226752.0,159985.0,0.0,30344.0,189071.0,27,2
C2-S24-B2.4-R1,0.0,15.4,96.5,0.0,80.5,0.0,0.0,0.06989,0.08223,0.0,1.29916,13.264479999999999,,,,,,,,,,,,,,,,,,,,,,,,,,,,,,,,,,5.0,2.0,0.1,,1.0,24,,,,,,,,,,,1.8394599999999999,0.0,1.0,1560.0,0.0,477311.0,0.0,6290.0,1865.0,43929.0,0.0,51402.0,9208.0,27,1
C2-S24-B2.4-R2,0.0,15.4,96.5,0.0,80.5,0.0,0.0,0.06899,0.0,0.020419999999999997,1.35079,14.272429999999998,,,,,,,,,,,,,,,,,,,,,,,,,,,,,,,,,,5.0,2.0,0.1,,2.0,24,,,,,,,,,,,1.9754900000000002,0.0,1.0,1560.0,0.0,477311.0,0.0,4330.0,178.0,47381.0,795.0,52750.0,4972.0,27,1
C2-S24-B2.4-R3,0.0,15.4,96.5,0.0,80.5,0.0,0.0,0.06963,0.0,0.02033,1.26934,12.29675,,,,,,,,,,,,,,,,,,,,,,,,,,,,,,,,,,5.0,2.0,0.1,,3.0,24,,,,,,,,,,,1.9369999999999998,0.0,1.0,1560.0,0.0,477311.0,0.0,4773.0,5650.0,42775.0,1574.0,50792.0,4815.0,27,1
C1-S32-B2.4-R1-delPoxB,0.0,14.8,96.5,0.0,80.5,0.0,0.09215,0.10730999999999999,0.13530999999999999,0.02111,1.2719200000000002,0.0,,,,,,,,,,,,,,,,,,,,,,,,,,,,,,,,,,5.0,1.0,0.1,delPoxB,1.0,32,,,,,,,,,,,2.64833,0.0,752.0,1560.0,0.0,477311.0,0.0,4231.0,503571.0,259008.0,955.0,268295.0,0.0,27,1
C1-S32-B2.4-R2-delPoxB,0.0,14.8,96.5,0.0,80.5,0.0,0.06605,0.09726,0.15003,0.0,1.3235299999999999,0.0,,,,,,,,,,,,,,,,,,,,,,,,,,,,,,,,,,5.0,1.0,0.1,delPoxB,2.0,32,,,,,,,,,,,2.59975,0.0,752.0,1560.0,0.0,477311.0,0.0,4098.0,531396.0,267757.0,0.0,331456.0,2151.0,27,1
C1-S32-B2.4-R3-delPoxB,0.0,14.8,96.5,0.0,80.5,0.0,0.055439999999999996,0.10300000000000001,0.17131,0.07864,1.30512,0.0,,,,,,,,,,,,,,,,,,,,,,,,,,,,,,,,,,5.0,1.0,0.1,delPoxB,3.0,32,,,,,,,,,,,2.56649,0.0,752.0,1560.0,0.0,477311.0,0.0,2673.0,490153.0,240460.0,1891.0,256110.0,3353.0,27,1
C1-S32-B2.4-R1-delPta,0.0,14.8,96.5,0.0,80.5,0.0,0.09751,0.15675999999999998,0.16977,0.037380000000000004,0.0,0.0,,,,,,,,,,,,,,,,,,,,,,,,,,,,,,,,,,5.0,1.0,0.1,delPta,1.0,32,,,,,,,,,,,3.71821,0.0,752.0,1560.0,0.0,477311.0,0.0,3382.0,401072.0,213722.0,1510.0,237227.0,0.0,27,1
C1-S32-B2.4-R2-delPta,0.0,14.8,96.5,0.0,80.5,0.0,0.10365999999999999,0.11327000000000001,0.19477,0.07422000000000001,0.05385,0.0,,,,,,,,,,,,,,,,,,,,,,,,,,,,,,,,,,5.0,1.0,0.1,delPta,2.0,32,,,,,,,,,,,3.5579,0.0,752.0,1560.0,0.0,477311.0,0.0,3154.0,373924.0,231933.0,896.0,268108.0,2566.0,27,1
C1-S32-B2.4-R3-delPta,0.0,14.8,96.5,0.0,80.5,0.0,0.08471000000000001,0.10078,0.17669,0.03387,0.01819,0.0,,,,,,,,,,,,,,,,,,,,,,,,,,,,,,,,,,5.0,1.0,0.1,delPta,3.0,32,,,,,,,,,,,3.6410400000000003,0.0,752.0,1560.0,0.0,477311.0,0.0,2865.0,409379.0,231705.0,1272.0,252367.0,0.0,27,1
C1-S32-B2.4-R1-delPtaelPoxB,0.0,14.8,96.5,0.0,80.5,0.0,0.0,0.07085,0.0,0.020569999999999998,0.21861,16.45748,,,,,,,,,,,,,,,,,,,,,,,,,,,,,,,,,,5.0,1.0,0.1,delPtaelPoxB,1.0,32,,,,,,,,,,,1.27874,0.0,752.0,1560.0,0.0,477311.0,0.0,7130.0,106205.0,71956.0,0.0,122034.0,0.0,27,1
C1-S32-B2.4-R2-delPtaelPoxB,0.0,14.8,96.5,0.0,80.5,0.0,0.0,0.0,0.08151,0.021230000000000002,0.19554000000000002,16.40963,,,,,,,,,,,,,,,,,,,,,,,,,,,,,,,,,,5.0,1.0,0.1,delPtaelPoxB,2.0,32,,,,,,,,,,,1.26883,0.0,752.0,1560.0,0.0,477311.0,0.0,7568.0,106337.0,77368.0,1981.0,140031.0,3813.0,27,1
C1-S32-B2.4-R3-delPtaelPoxB,0.0,14.8,96.5,0.0,80.5,0.0,0.0,0.0,0.0,0.0204,0.22778,15.46615,,,,,,,,,,,,,,,,,,,,,,,,,,,,,,,,,,5.0,1.0,0.1,delPtaelPoxB,3.0,32,,,,,,,,,,,1.40355,0.0,752.0,1560.0,0.0,477311.0,0.0,6732.0,107120.0,71803.0,1326.0,122361.0,3271.0,27,1
C0-S9017-B2.4-R1,0.0,0.0,0.0,0.0,0.0,0.0,0.0,0.74598,0.41292,0.27287,0.0,0.0,,,,,,,,,,,,,,,,,,,,,,,,,,,,,,,,,,5.0,0.0,0.1,,1.0,9017,,,,,,,,,,,7.50093,0.0,0.0,0.0,0.0,0.0,0.0,2158.0,43330.0,0.0,0.0,2230581.0,583.0,27,0
C0-S9017-B2.4-R2,0.0,0.0,0.0,0.0,0.0,0.0,0.0,0.7298600000000001,0.38752,0.25939,0.0,0.0,,,,,,,,,,,,,,,,,,,,,,,,,,,,,,,,,,5.0,0.0,0.1,,2.0,9017,,,,,,,,,,,7.6010800000000005,0.0,0.0,0.0,0.0,0.0,0.0,1819.0,43925.0,0.0,2056.0,2323200.0,0.0,27,0
C0-S9017-B2.4-R3,0.0,0.0,0.0,0.0,0.0,0.0,0.0,0.73024,0.39947,0.26482,0.0,0.0,,,,,,,,,,,,,,,,,,,,,,,,,,,,,,,,,,5.0,0.0,0.1,,3.0,9017,,,,,,,,,,,7.774660000000001,0.0,0.0,0.0,0.0,0.0,0.0,1574.0,45408.0,0.0,1973.0,1964492.0,0.0,27,0
C2-S1-B2.5-R1-IPTG0.5,0.0,92.4,100.0,0.0,0.0,98.4,0.27883,0.049319999999999996,0.09944,0.01754,1.76605,1.1784,,,,,,,,,,,,,,,,,,,,,,,,,,,,,,,,,,6.0,2.0,0.5,,1.0,1,,,,,,,,,,,5.2134,0.0,1913.0,12000.0,0.0,0.0,10410.0,555.0,126425.0,98099.0,2281.0,3546.0,654325.0,27,2
C2-S1-B2.5-R2-IPTG0.5,0.0,92.4,100.0,0.0,0.0,98.4,0.28538,0.05151,0.10024,0.02072,1.8915400000000002,1.2682200000000001,,,,,,,,,,,,,,,,,,,,,,,,,,,,,,,,,,6.0,2.0,0.5,,2.0,1,,,,,,,,,,,5.03441,0.0,1913.0,12000.0,0.0,0.0,10410.0,677.0,116034.0,101637.0,0.0,0.0,617761.0,27,2
C2-S1-B2.5-R3-IPTG0.5,0.0,92.4,100.0,0.0,0.0,98.4,0.27344,0.05008,0.09967999999999999,0.01916,1.63942,1.1038,,,,,,,,,,,,,,,,,,,,,,,,,,,,,,,,,,6.0,2.0,0.5,,3.0,1,,,,,,,,,,,5.21638,0.0,1913.0,12000.0,0.0,0.0,10410.0,1024.0,126423.0,100199.0,0.0,3168.0,664445.0,27,2
C2-S1-B2.5-R1-IPTG1.0,0.0,92.4,100.0,0.0,0.0,98.4,0.30908,0.05033,0.10001,0.021509999999999998,1.26715,0.47126999999999997,,,,,,,,,,,,,,,,,,,,,,,,,,,,,,,,,,6.0,2.0,1.0,,1.0,1,,,,,,,,,,,5.6498800000000005,0.0,1913.0,12000.0,0.0,0.0,10410.0,1262.0,124402.0,98669.0,0.0,2857.0,657821.0,27,2
C2-S1-B2.5-R2-IPTG1.0,0.0,92.4,100.0,0.0,0.0,98.4,0.31090999999999996,0.05055,0.09997,0.02156,1.3161,0.6986100000000001,,,,,,,,,,,,,,,,,,,,,,,,,,,,,,,,,,6.0,2.0,1.0,,2.0,1,,,,,,,,,,,5.63384,0.0,1913.0,12000.0,0.0,0.0,10410.0,1153.0,119281.0,83206.0,0.0,0.0,582479.0,27,2
C2-S1-B2.5-R3-IPTG1.0,0.0,92.4,100.0,0.0,0.0,98.4,0.29577,0.0492,0.09994,0.020569999999999998,1.41969,0.91807,,,,,,,,,,,,,,,,,,,,,,,,,,,,,,,,,,6.0,2.0,1.0,,3.0,1,,,,,,,,,,,5.5214099999999995,0.0,1913.0,12000.0,0.0,0.0,10410.0,829.0,128663.0,101191.0,0.0,0.0,696201.0,27,2
C2-S2-B2.5-R1-IPTG0.5,0.0,92.4,92.8,0.0,0.0,98.4,0.0,0.0628,0.09987,0.00847,2.72674,2.8360000000000003,,,,,,,,,,,,,,,,,,,,,,,,,,,,,,,,,,6.0,2.0,0.5,,1.0,2,,,,,,,,,,,5.02136,0.0,1913.0,17948.0,0.0,0.0,10410.0,1177.0,167943.0,11995.0,0.0,3359.0,833818.0,27,2
C2-S2-B2.5-R2-IPTG0.5,0.0,92.4,92.8,0.0,0.0,98.4,0.0,0.06506,0.09957,0.008740000000000001,2.70664,2.61068,,,,,,,,,,,,,,,,,,,,,,,,,,,,,,,,,,6.0,2.0,0.5,,2.0,2,,,,,,,,,,,5.22216,0.0,1913.0,17948.0,0.0,0.0,10410.0,337.0,152727.0,11225.0,0.0,3454.0,754733.0,27,2
C2-S2-B2.5-R3-IPTG0.5,0.0,92.4,92.8,0.0,0.0,98.4,0.0,0.06655,0.09872,0.00903,2.74058,2.25946,,,,,,,,,,,,,,,,,,,,,,,,,,,,,,,,,,6.0,2.0,0.5,,3.0,2,,,,,,,,,,,5.39575,0.0,1913.0,17948.0,0.0,0.0,10410.0,0.0,159938.0,14056.0,0.0,2428.0,818273.0,27,2
C2-S2-B2.5-R1-IPTG1.0,0.0,92.4,92.8,0.0,0.0,98.4,0.0,0.06025,0.09871,0.00822,2.74913,2.77409,,,,,,,,,,,,,,,,,,,,,,,,,,,,,,,,,,6.0,2.0,1.0,,1.0,2,,,,,,,,,,,5.2083699999999995,0.0,1913.0,17948.0,0.0,0.0,10410.0,403.0,159832.0,13776.0,0.0,3292.0,853364.0,27,2
C2-S2-B2.5-R2-IPTG1.0,0.0,92.4,92.8,0.0,0.0,98.4,0.0,0.06254,0.09848,0.009000000000000001,2.81297,2.66174,,,,,,,,,,,,,,,,,,,,,,,,,,,,,,,,,,6.0,2.0,1.0,,2.0,2,,,,,,,,,,,5.31613,0.0,1913.0,17948.0,0.0,0.0,10410.0,0.0,161812.0,14494.0,377.0,5970.0,858283.0,27,2
C2-S2-B2.5-R3-IPTG1.0,0.0,92.4,92.8,0.0,0.0,98.4,0.00579,0.06265,0.09858,0.00933,2.93595,2.4121099999999998,,,,,,,,,,,,,,,,,,,,,,,,,,,,,,,,,,6.0,2.0,1.0,,3.0,2,,,,,,,,,,,5.43882,0.0,1913.0,17948.0,0.0,0.0,10410.0,0.0,162690.0,12438.0,0.0,2057.0,876645.0,27,2
C2-S3-B2.5-R1,0.0,92.4,94.2,0.0,0.0,98.4,0.0,0.07227,0.10016,0.00809,2.9491400000000003,2.1813700000000003,,,,,,,,,,,,,,,,,,,,,,,,,,,,,,,,,,6.0,2.0,0.1,,1.0,3,,,,,,,,,,,5.678780000000001,0.0,1913.0,9876.0,0.0,0.0,10410.0,725.0,181131.0,7492.0,0.0,0.0,761837.0,27,2
C2-S3-B2.5-R2,0.0,92.4,94.2,0.0,0.0,98.4,0.0,0.08256000000000001,0.10049,0.00801,2.9609799999999997,1.95422,,,,,,,,,,,,,,,,,,,,,,,,,,,,,,,,,,6.0,2.0,0.1,,2.0,3,,,,,,,,,,,5.65846,0.0,1913.0,9876.0,0.0,0.0,10410.0,344.0,179799.0,8059.0,0.0,0.0,877957.0,27,2
C2-S3-B2.5-R3,0.0,92.4,94.2,0.0,0.0,98.4,0.0,0.0646,0.09967999999999999,0.008140000000000001,2.97474,1.6184,,,,,,,,,,,,,,,,,,,,,,,,,,,,,,,,,,6.0,2.0,0.1,,3.0,3,,,,,,,,,,,5.89581,0.0,1913.0,9876.0,0.0,0.0,10410.0,0.0,180935.0,8965.0,0.0,7886.0,785031.0,27,2
C2-S3-B2.5-R1-IPTG0.5,0.0,92.4,94.2,0.0,0.0,98.4,0.0,0.06382,0.09846,0.007790000000000001,2.87049,2.94726,,,,,,,,,,,,,,,,,,,,,,,,,,,,,,,,,,6.0,2.0,0.5,,1.0,3,,,,,,,,,,,5.15262,0.0,1913.0,9876.0,0.0,0.0,10410.0,252.0,170654.0,5744.0,0.0,4183.0,910480.0,27,2
C2-S3-B2.5-R2-IPTG0.5,0.0,92.4,94.2,0.0,0.0,98.4,0.0,0.06276,0.09953,0.0077599999999999995,2.8530900000000003,3.37676,,,,,,,,,,,,,,,,,,,,,,,,,,,,,,,,,,6.0,2.0,0.5,,2.0,3,,,,,,,,,,,4.996,0.0,1913.0,9876.0,0.0,0.0,10410.0,972.0,160253.0,3855.0,0.0,2152.0,894938.0,27,2
C2-S3-B2.5-R3-IPTG0.5,0.0,92.4,94.2,0.0,0.0,98.4,0.0,0.06168,0.09855,0.008029999999999999,2.95898,3.57669,,,,,,,,,,,,,,,,,,,,,,,,,,,,,,,,,,6.0,2.0,0.5,,3.0,3,,,,,,,,,,,4.9684099999999995,0.0,1913.0,9876.0,0.0,0.0,10410.0,469.0,168037.0,872.0,0.0,1204.0,942854.0,27,2
C2-S3-B2.5-R1-IPTG1.0,0.0,92.4,94.2,0.0,0.0,98.4,0.0,0.05985,0.09831000000000001,0.00757,2.86043,3.5375400000000004,,,,,,,,,,,,,,,,,,,,,,,,,,,,,,,,,,6.0,2.0,1.0,,1.0,3,,,,,,,,,,,4.97791,0.0,1913.0,9876.0,0.0,0.0,10410.0,538.0,168049.0,469.0,0.0,8383.0,963304.0,27,2
C2-S3-B2.5-R2-IPTG1.0,0.0,92.4,94.2,0.0,0.0,98.4,0.0,0.06192,0.09942999999999999,0.00743,2.87342,3.37616,,,,,,,,,,,,,,,,,,,,,,,,,,,,,,,,,,6.0,2.0,1.0,,2.0,3,,,,,,,,,,,5.07114,0.0,1913.0,9876.0,0.0,0.0,10410.0,924.0,166066.0,5676.0,0.0,6994.0,934239.0,27,2
C2-S3-B2.5-R3-IPTG1.0,0.0,92.4,94.2,0.0,0.0,98.4,0.0,0.06242999999999999,0.09902999999999999,0.00765,2.8064400000000003,3.3386099999999996,,,,,,,,,,,,,,,,,,,,,,,,,,,,,,,,,,6.0,2.0,1.0,,3.0,3,,,,,,,,,,,5.14199,0.0,1913.0,9876.0,0.0,0.0,10410.0,0.0,175714.0,9722.0,0.0,399.0,967566.0,27,2
C2-S4-B2.5-R1-IPTG0.5,0.0,92.4,80.5,0.0,0.0,98.4,0.24766,0.05359,0.09996000000000001,0.01715,1.90674,1.36439,,,,,,,,,,,,,,,,,,,,,,,,,,,,,,,,,,6.0,2.0,0.5,,1.0,4,,,,,,,,,,,5.17052,0.0,1913.0,208127.0,0.0,0.0,10410.0,503.0,136436.0,137348.0,973.0,3910.0,626564.0,27,2
C2-S4-B2.5-R2-IPTG0.5,0.0,92.4,80.5,0.0,0.0,98.4,0.24679,0.05082,0.09961,0.01345,1.9373,1.26937,,,,,,,,,,,,,,,,,,,,,,,,,,,,,,,,,,6.0,2.0,0.5,,2.0,4,,,,,,,,,,,5.2382,0.0,1913.0,208127.0,0.0,0.0,10410.0,853.0,132344.0,144136.0,0.0,0.0,700880.0,27,2
C2-S4-B2.5-R3-IPTG0.5,0.0,92.4,80.5,0.0,0.0,98.4,0.2641,0.05461,0.09982,0.01874,1.7870700000000002,0.6823100000000001,,,,,,,,,,,,,,,,,,,,,,,,,,,,,,,,,,6.0,2.0,0.5,,3.0,4,,,,,,,,,,,5.4337800000000005,0.0,1913.0,208127.0,0.0,0.0,10410.0,491.0,134998.0,155000.0,0.0,3060.0,693783.0,27,2
C2-S4-B2.5-R1-IPTG1.0,0.0,92.4,80.5,0.0,0.0,98.4,0.23005,0.05175,0.0983,0.01623,2.08871,1.7668,,,,,,,,,,,,,,,,,,,,,,,,,,,,,,,,,,6.0,2.0,1.0,,1.0,4,,,,,,,,,,,5.26654,0.0,1913.0,208127.0,0.0,0.0,10410.0,719.0,129527.0,127702.0,2982.0,490.0,665922.0,27,2
C2-S4-B2.5-R2-IPTG1.0,0.0,92.4,80.5,0.0,0.0,98.4,0.24921999999999997,0.05032,0.09907,0.01822,1.7086299999999999,0.93755,,,,,,,,,,,,,,,,,,,,,,,,,,,,,,,,,,6.0,2.0,1.0,,2.0,4,,,,,,,,,,,5.44907,0.0,1913.0,208127.0,0.0,0.0,10410.0,1055.0,131082.0,131222.0,366.0,1606.0,685947.0,27,2
C2-S4-B2.5-R3-IPTG1.0,0.0,92.4,80.5,0.0,0.0,98.4,0.27460999999999997,0.05198,0.09962,0.01955,1.7187400000000002,0.47526,,,,,,,,,,,,,,,,,,,,,,,,,,,,,,,,,,6.0,2.0,1.0,,3.0,4,,,,,,,,,,,5.7977300000000005,0.0,1913.0,208127.0,0.0,0.0,10410.0,0.0,126337.0,134397.0,2269.0,3645.0,628157.0,27,2
C2-S7-B2.5-R1,0.0,92.4,97.1,0.0,0.0,98.4,0.93985,0.07363,0.12015999999999999,0.08156000000000001,0.0,0.0,,,,,,,,,,,,,,,,,,,,,,,,,,,,,,,,,,6.0,2.0,0.1,,1.0,7,,,,,,,,,,,5.81862,0.0,1913.0,12424.0,0.0,0.0,10410.0,0.0,162870.0,105572.0,2162.0,2479.0,539673.0,27,2
C2-S7-B2.5-R2,0.0,92.4,97.1,0.0,0.0,98.4,0.92886,0.07197,0.11757999999999999,0.07495,0.0,0.0,,,,,,,,,,,,,,,,,,,,,,,,,,,,,,,,,,6.0,2.0,0.1,,2.0,7,,,,,,,,,,,5.53167,0.0,1913.0,12424.0,0.0,0.0,10410.0,396.0,155765.0,106636.0,0.0,3274.0,512817.0,27,2
C2-S7-B2.5-R3,0.0,92.4,97.1,0.0,0.0,98.4,0.94019,0.07101,0.11749000000000001,0.07687999999999999,0.0,0.0,,,,,,,,,,,,,,,,,,,,,,,,,,,,,,,,,,6.0,2.0,0.1,,3.0,7,,,,,,,,,,,5.65864,0.0,1913.0,12424.0,0.0,0.0,10410.0,819.0,163614.0,117044.0,0.0,2694.0,580171.0,27,2
C2-S9-B2.5-R1,0.0,92.4,80.5,0.0,0.0,98.4,0.14078,0.04405,0.09586,0.00894,1.3538,5.45566,,,,,,,,,,,,,,,,,,,,,,,,,,,,,,,,,,6.0,2.0,0.1,,1.0,9,,,,,,,,,,,3.9587800000000004,0.0,1913.0,380926.0,0.0,0.0,10410.0,1272.0,52969.0,182190.0,1646.0,0.0,221240.0,27,2
C2-S9-B2.5-R2,0.0,92.4,80.5,0.0,0.0,98.4,0.15048,0.0,0.09586,0.01576,1.38204,5.29019,,,,,,,,,,,,,,,,,,,,,,,,,,,,,,,,,,6.0,2.0,0.1,,2.0,9,,,,,,,,,,,4.15754,0.0,1913.0,380926.0,0.0,0.0,10410.0,1586.0,50317.0,183177.0,1038.0,724.0,252437.0,27,2
C2-S9-B2.5-R3,0.0,92.4,80.5,0.0,0.0,98.4,0.1451,0.0,0.0,0.012329999999999999,1.4137,4.68717,,,,,,,,,,,,,,,,,,,,,,,,,,,,,,,,,,6.0,2.0,0.1,,3.0,9,,,,,,,,,,,4.41148,0.0,1913.0,380926.0,0.0,0.0,10410.0,1544.0,49690.0,182669.0,0.0,0.0,226973.0,27,2
C1-S11-B2.5-R1,0.0,92.4,94.2,0.0,0.0,98.4,0.7292,0.08681,0.12353,0.08073999999999999,0.0,0.0,,,,,,,,,,,,,,,,,,,,,,,,,,,,,,,,,,6.0,1.0,0.1,,1.0,11,,,,,,,,,,,5.92154,0.0,1913.0,9876.0,0.0,0.0,10410.0,1085.0,157833.0,67305.0,1681.0,0.0,454633.0,27,2
C1-S11-B2.5-R2,0.0,92.4,94.2,0.0,0.0,98.4,0.74988,0.07662999999999999,0.11704,0.07463,0.0,0.0,,,,,,,,,,,,,,,,,,,,,,,,,,,,,,,,,,6.0,1.0,0.1,,2.0,11,,,,,,,,,,,5.84658,0.0,1913.0,9876.0,0.0,0.0,10410.0,0.0,164543.0,66426.0,1479.0,1543.0,480334.0,27,2
C1-S11-B2.5-R3,0.0,92.4,94.2,0.0,0.0,98.4,0.73598,0.07596,0.12018,0.07217,0.0,0.0,,,,,,,,,,,,,,,,,,,,,,,,,,,,,,,,,,6.0,1.0,0.1,,3.0,11,,,,,,,,,,,5.8257,0.0,1913.0,9876.0,0.0,0.0,10410.0,493.0,161957.0,77725.0,1848.0,2686.0,476210.0,27,2
C1-S11-B2.5-R1-IPTG0.5,0.0,92.4,94.2,0.0,0.0,98.4,0.65291,0.04964,0.10754000000000001,0.03692,0.0,0.0,,,,,,,,,,,,,,,,,,,,,,,,,,,,,,,,,,6.0,1.0,0.5,,1.0,11,,,,,,,,,,,5.72054,0.0,1913.0,9876.0,0.0,0.0,10410.0,894.0,146235.0,73874.0,1461.0,0.0,442981.0,27,2
C1-S11-B2.5-R2-IPTG0.5,0.0,92.4,94.2,0.0,0.0,98.4,0.6622600000000001,0.05041,0.10677,0.04097,0.0,0.0,,,,,,,,,,,,,,,,,,,,,,,,,,,,,,,,,,6.0,1.0,0.5,,2.0,11,,,,,,,,,,,5.62881,0.0,1913.0,9876.0,0.0,0.0,10410.0,0.0,123769.0,68796.0,1078.0,2973.0,400409.0,27,2
C1-S11-B2.5-R3-IPTG0.5,0.0,92.4,94.2,0.0,0.0,98.4,0.64032,0.050210000000000005,0.10504000000000001,0.03403,0.0,0.0,,,,,,,,,,,,,,,,,,,,,,,,,,,,,,,,,,6.0,1.0,0.5,,3.0,11,,,,,,,,,,,5.7129,0.0,1913.0,9876.0,0.0,0.0,10410.0,0.0,131872.0,67059.0,0.0,0.0,395214.0,27,2
C2-S18-B2.5-R1,0.0,13.3,96.5,0.0,80.5,0.0,0.037110000000000004,0.18792,0.17587,0.02855,0.0,0.0,,,,,,,,,,,,,,,,,,,,,,,,,,,,,,,,,,6.0,2.0,0.1,,1.0,18,,,,,,,,,,,3.22324,0.0,153.0,1560.0,0.0,477311.0,0.0,1720.0,118042.0,139074.0,0.0,43849.0,6559.0,27,1
C2-S18-B2.5-R2,0.0,13.3,96.5,0.0,80.5,0.0,0.01411,0.12519,0.15155,0.043519999999999996,0.0,0.0,,,,,,,,,,,,,,,,,,,,,,,,,,,,,,,,,,6.0,2.0,0.1,,2.0,18,,,,,,,,,,,2.98029,0.0,153.0,1560.0,0.0,477311.0,0.0,2062.0,110866.0,134005.0,1337.0,39926.0,10925.0,27,1
C2-S18-B2.5-R3,0.0,13.3,96.5,0.0,80.5,0.0,0.01207,0.18738,0.1838,0.09888999999999999,0.0,0.0,,,,,,,,,,,,,,,,,,,,,,,,,,,,,,,,,,6.0,2.0,0.1,,3.0,18,,,,,,,,,,,3.08303,0.0,153.0,1560.0,0.0,477311.0,0.0,3807.0,112250.0,139871.0,0.0,38340.0,12384.0,27,1
C0-S9017-B2.5-R1,0.0,0.0,0.0,0.0,0.0,0.0,0.0,0.77992,0.49173,0.27076,0.0,0.0,,,,,,,,,,,,,,,,,,,,,,,,,,,,,,,,,,6.0,0.0,0.1,,1.0,9017,,,,,,,,,,,5.9032599999999995,0.0,0.0,0.0,0.0,0.0,0.0,674.0,24620.0,401.0,2049.0,746842.0,0.0,27,0
C0-S9017-B2.5-R2,0.0,0.0,0.0,0.0,0.0,0.0,0.0,0.73237,0.48453,0.26661999999999997,0.0,0.0,,,,,,,,,,,,,,,,,,,,,,,,,,,,,,,,,,6.0,0.0,0.1,,2.0,9017,,,,,,,,,,,5.83129,0.0,0.0,0.0,0.0,0.0,0.0,881.0,23981.0,0.0,0.0,820841.0,6099.0,27,0
C0-S9017-B2.5-R3,0.0,0.0,0.0,0.0,0.0,0.0,0.0,0.7155100000000001,0.4686,0.2617,0.0,0.0,,,,,,,,,,,,,,,,,,,,,,,,,,,,,,,,,,6.0,0.0,0.1,,3.0,9017,,,,,,,,,,,5.86224,0.0,0.0,0.0,0.0,0.0,0.0,602.0,26673.0,1299.0,1514.0,1035294.0,16169.0,27,0
